,θ = arctan(1),,x2,,,,,,arctangent is a trig function to get and unknown angle of a known side,,
,"0,7853981634",,,,,,,,Find me the angle of a right triangle where the opposite side is 3× the adjacent side. 1/(1/3) =,,3
,DEGREES,45,90,,"71,56505118","108,4349488",,,,,
,SIN,"0,7071067812","1,414213562",,,,,,,,
,COS,"0,7071067812","1,414213562",,"36,86989765","0,3794733192","0,6160140576",,,,
,TAN,1,2,,45,"0,144",,,,,
,,,,,,,,,,,
,θ = arctan(1/3),"SQRT(0,1)",x2,,θ = arctan(3),,x2,,,,
Radians,"0,3217505544","0,316227766",,,"1,249045772",,,,,,
,DEGREES,"18,43494882","36,86989765",,DEGREES,"71,56505118","143,1301024",,,,
,SIN ( O / H ),"0,316227766","0,632455532",,SIN,"0,9486832981","1,897366596",,,,
,COS (A / H),"0,9486832981","1,897366596",,COS,"0,316227766","0,632455532",,,,
Ratio,TAN (O / A),"0,3333333333","0,6666666667",,TAN,3,6,,,,
,,,,,,,,,,,
,θ = arctan(1/2),"SQRT(0,2)",x2,,θ = arctan(2),,x2,,,,
,"0,463647609","0,4472135955",,,"1,107148718",,,,,,
,DEGREES,"26,56505118","53,13010235",,DEGREES,"63,43494882","126,8698976",,,,
,SIN,"0,4472135955","0,894427191",,SIN,"0,894427191","1,788854382",,,,
,COS,"0,894427191","1,788854382",,COS,"0,4472135955","0,894427191",,,,
,TAN,"0,5",1,,TAN,2,4,,,,
,,,,,,,,,,,
,θ = arctan(2/3),,x2,,θ = arctan(3/2),,x2,,,,
,"0,5880026035",,,,"0,9827937232",,,,,,
,DEGREES,"33,69006753","67,38013505",,DEGREES,"56,30993247","112,6198649",,,,
,SIN,"0,5547001962","1,109400392",,SIN,"0,8320502943","1,664100589",,,,
,COS,"0,8320502943","1,664100589",,COS,"0,5547001962","1,109400392",,,,
,TAN,"0,6666666667","1,333333333",,TAN,"1,5",3,,,,
,,,,,,,,,,,
,θ = arctan(4/3),,x2,,θ = arctan(3/4),,x2,,,,
,"0,927295218",,,,"0,6435011088",,,,,,
,DEGREES,"53,13010235","106,2602047",,DEGREES,"36,86989765","73,73979529",,,,
,SIN,"0,8","1,6",,SIN,"0,6","1,2",,,,
,COS,"0,6","1,2",,COS,"0,8","1,6",,,,
,TAN,"1,333333333","2,666666667",,TAN,"0,75","1,5",,,,
,,,,,,,,,,,
,θ = arctan(5/4),,x2,,θ = arctan(4/5),,x2,,,,
,"0,8960553846",,,,"0,6747409422",,,,,,
,DEGREES,"51,34019175","102,6803835",,DEGREES,"38,65980825","77,31961651",,,,
,SIN,"0,7808688094","1,561737619",,SIN,"0,6246950476","1,249390095",,,,
,COS,"0,6246950476","1,249390095",,COS,"0,7808688094","1,561737619",,,,
,TAN,"1,25","2,5",,TAN,"0,8","1,6",,,,
,,,,,,,,,,,
,θ = arctan(1/5),,x2,,θ = arctan(5),,x2,,,,
,"0,1973955598",,,,"1,373400767",,,,,,
,DEGREES,"11,30993247","22,61986495",,DEGREES,"78,69006753","157,3801351",,,,
,SIN,"0,1961161351","0,3922322703",,SIN,"0,9805806757","1,961161351",,,,
,COS,"0,9805806757","1,961161351",,COS,"0,1961161351","0,3922322703",,,,
,TAN,"0,2","0,4",,TAN,5,10,,,,
,,,,,,,,,,,
,θ = arctan(182),,x2,,,,,,,,
,"1,565301877",,,,,,,,,,
,DEGREES,"89,68519119","179,3703824",,,,,,,,
,SIN,"0,9999849055","1,999969811",,,,,,,,
,COS,"0,005494422558","0,01098884512",,,,,,,,
,TAN,182,364,,,,,,,,