n,n^2,1st angle (radians),2nd Angle (radians),COS 1st angle,COS 2d angle,Cosine diff,Constant Multipler,constant*cosine diff ,n^2+ correction,Pentametric Square Areas,Constants,Phy - 1/2,SQRT(5),SQRT(5)=(2*Phy)-1
0,0,0,0,1,1,0,"3,577708764",0,0,0,,"SQRT(1,25)","2,236067977","2,2360679775"
1,1,"1,256637061","2,513274123","0,3090169944","-0,8090169944","1,118033989","3,577708764",4,5,1,"2*(SQRT(3,2)",SQRT(5/4),"1,118033989",
2,4,"2,513274123","5,026548246","-0,8090169944","0,3090169944","-1,118033989","3,577708764",-4,0,0,"1,6*(SQRT(5))",SQRT(5)/2,,
3,9,"3,769911184","7,539822369","-0,8090169944","0,3090169944","-1,118033989","3,577708764",-4,5,1,8/SQRT(5),"1,118033989",,
4,16,"5,026548246","10,05309649","0,3090169944","-0,8090169944","1,118033989","3,577708764",4,20,4,"3,57770876399966","1,118033989",,
5,25,"6,283185307","12,56637061",1,1,0,"3,577708764",0,25,5,"3,57770876399966","1,118033989",,
6,36,"7,539822369","15,07964474","0,3090169944","-0,8090169944","1,118033989","3,577708764",4,40,8,"3,57770876399966","1,118033989",,
7,49,"8,79645943","17,59291886","-0,8090169944","0,3090169944","-1,118033989","3,577708764",-4,45,9,"12,800000000",,,
8,64,"10,05309649","20,10619298","-0,8090169944","0,3090169944","-1,118033989","3,577708764",-4,60,12,,,,
9,81,"11,30973355","22,61946711","0,3090169944","-0,8090169944","1,118033989","3,577708764",4,85,17,,,,
10,100,"12,56637061","25,13274123",1,1,0,"3,577708764",0,100,20,Phy = (1+SQRT(5))/2,,,
11,121,"13,82300768","27,64601535","0,3090169944","-0,8090169944","1,118033989","3,577708764",4,125,25,"1,618033989",,,
12,144,"15,07964474","30,15928947","-0,8090169944","0,3090169944","-1,118033989","3,577708764",-4,140,28,,,,
13,169,"16,3362818","32,6725636","-0,8090169944","0,3090169944","-1,118033989","3,577708764",-4,165,33,,,,
14,196,"17,59291886","35,18583772","0,3090169944","-0,8090169944","1,118033989","3,577708764",4,200,40,,,,
15,225,"18,84955592","37,69911184",1,1,0,"3,577708764",0,225,45,,,,
16,256,"20,10619298","40,21238597","0,3090169944","-0,8090169944","1,118033989","3,577708764",4,260,52,"1,6666666667*(SQRT(5))",,,
17,289,"21,36283004","42,72566009","-0,8090169944","0,3090169944","-1,118033989","3,577708764",-4,285,57,"3,72677996249965",,,
18,324,"22,61946711","45,23893421","-0,8090169944","0,3090169944","-1,118033989","3,577708764",-4,320,64,,,,
19,361,"23,87610417","47,75220833","0,3090169944","-0,8090169944","1,118033989","3,577708764",4,365,73,"0,14907119849999",,,
20,400,"25,13274123","50,26548246",1,1,0,"3,577708764",0,400,80,"0,0222222222222222",,,
21,441,"26,38937829","52,77875658","0,3090169944","-0,8090169944","1,118033989","3,577708764",4,445,89,"0,38609739509609",,,
22,484,"27,64601535","55,2920307","-0,8090169944","0,3090169944","-1,118033989","3,577708764",-4,480,96,,,,
23,529,"28,90265241","57,80530483","-0,8090169944","0,3090169944","-1,118033989","3,577708764",-4,525,105,,,,
24,576,"30,15928947","60,31857895","0,3090169944","-0,8090169944","1,118033989","3,577708764",4,580,116,,,,
25,625,"31,41592654","62,83185307",1,1,0,"3,577708764",0,625,125,,,,
26,676,"32,6725636","65,34512719","0,3090169944","-0,8090169944","1,118033989","3,577708764",4,680,136,,,,
27,729,"33,92920066","67,85840132","-0,8090169944","0,3090169944","-1,118033989","3,577708764",-4,725,145,,,,
28,784,"35,18583772","70,37167544","-0,8090169944","0,3090169944","-1,118033989","3,577708764",-4,780,156,,,,
29,841,"36,44247478","72,88494956","0,3090169944","-0,8090169944","1,118033989","3,577708764",4,845,169,,,,
30,900,"37,69911184","75,39822369",1,1,0,"3,577708764",0,900,180,,,,
31,961,"38,9557489","77,91149781","0,3090169944","-0,8090169944","1,118033989","3,577708764",4,965,193,,,,
32,1024,"40,21238597","80,42477193","-0,8090169944","0,3090169944","-1,118033989","3,577708764",-4,1020,204,,,,
33,1089,"41,46902303","82,93804605","-0,8090169944","0,3090169944","-1,118033989","3,577708764",-4,1085,217,,,,
34,1156,"42,72566009","85,45132018","0,3090169944","-0,8090169944","1,118033989","3,577708764",4,1160,232,,,,
35,1225,"43,98229715","87,9645943",1,1,0,"3,577708764",0,1225,245,,,,
36,1296,"45,23893421","90,47786842","0,3090169944","-0,8090169944","1,118033989","3,577708764",4,1300,260,,,,
37,1369,"46,49557127","92,99114255","-0,8090169944","0,3090169944","-1,118033989","3,577708764",-4,1365,273,,,,
38,1444,"47,75220833","95,50441667","-0,8090169944","0,3090169944","-1,118033989","3,577708764",-4,1440,288,,,,
39,1521,"49,0088454","98,01769079","0,3090169944","-0,8090169944","1,118033989","3,577708764",4,1525,305,,,,
40,1600,"50,26548246","100,5309649",1,1,0,"3,577708764",0,1600,320,,,,
41,1681,"51,52211952","103,044239","0,3090169944","-0,8090169944","1,118033989","3,577708764",4,1685,337,,,,
42,1764,"52,77875658","105,5575132","-0,8090169944","0,3090169944","-1,118033989","3,577708764",-4,1760,352,,,,
43,1849,"54,03539364","108,0707873","-0,8090169944","0,3090169944","-1,118033989","3,577708764",-4,1845,369,,,,
44,1936,"55,2920307","110,5840614","0,3090169944","-0,8090169944","1,118033989","3,577708764",4,1940,388,,,,
45,2025,"56,54866776","113,0973355",1,1,0,"3,577708764",0,2025,405,,,,
46,2116,"57,80530483","115,6106097","0,3090169944","-0,8090169944","1,118033989","3,577708764",4,2120,424,,,,
47,2209,"59,06194189","118,1238838","-0,8090169944","0,3090169944","-1,118033989","3,577708764",-4,2205,441,,,,
48,2304,"60,31857895","120,6371579","-0,8090169944","0,3090169944","-1,118033989","3,577708764",-4,2300,460,,,,
49,2401,"61,57521601","123,150432","0,3090169944","-0,8090169944","1,118033989","3,577708764",4,2405,481,,,,
50,2500,"62,83185307","125,6637061",1,1,0,"3,577708764",0,2500,500,,,,
51,2601,"64,08849013","128,1769803","0,3090169944","-0,8090169944","1,118033989","3,577708764",4,2605,521,,,,
52,2704,"65,34512719","130,6902544","-0,8090169944","0,3090169944","-1,118033989","3,577708764",-4,2700,540,,,,
53,2809,"66,60176426","133,2035285","-0,8090169944","0,3090169944","-1,118033989","3,577708764",-4,2805,561,,,,
54,2916,"67,85840132","135,7168026","0,3090169944","-0,8090169944","1,118033989","3,577708764",4,2920,584,,,,
55,3025,"69,11503838","138,2300768",1,1,0,"3,577708764",0,3025,605,,,,
56,3136,"70,37167544","140,7433509","0,3090169944","-0,8090169944","1,118033989","3,577708764",4,3140,628,,,,
57,3249,"71,6283125","143,256625","-0,8090169944","0,3090169944","-1,118033989","3,577708764",-4,3245,649,,,,
58,3364,"72,88494956","145,7698991","-0,8090169944","0,3090169944","-1,118033989","3,577708764",-4,3360,672,,,,
59,3481,"74,14158662","148,2831732","0,3090169944","-0,8090169944","1,118033989","3,577708764",4,3485,697,,,,
60,3600,"75,39822369","150,7964474",1,1,0,"3,577708764",0,3600,720,,,,
61,3721,"76,65486075","153,3097215","0,3090169944","-0,8090169944","1,118033989","3,577708764",4,3725,745,,,,
62,3844,"77,91149781","155,8229956","-0,8090169944","0,3090169944","-1,118033989","3,577708764",-4,3840,768,,,,
63,3969,"79,16813487","158,3362697","-0,8090169944","0,3090169944","-1,118033989","3,577708764",-4,3965,793,,,,
64,4096,"80,42477193","160,8495439","0,3090169944","-0,8090169944","1,118033989","3,577708764",4,4100,820,,,,
65,4225,"81,68140899","163,362818",1,1,0,"3,577708764",0,4225,845,,,,
66,4356,"82,93804605","165,8760921","0,3090169944","-0,8090169944","1,118033989","3,577708764",4,4360,872,,,,
67,4489,"84,19468312","168,3893662","-0,8090169944","0,3090169944","-1,118033989","3,577708764",-4,4485,897,,,,
68,4624,"85,45132018","170,9026404","-0,8090169944","0,3090169944","-1,118033989","3,577708764",-4,4620,924,,,,
69,4761,"86,70795724","173,4159145","0,3090169944","-0,8090169944","1,118033989","3,577708764",4,4765,953,,,,
70,4900,"87,9645943","175,9291886",1,1,0,"3,577708764",0,4900,980,,,,
71,5041,"89,22123136","178,4424627","0,3090169944","-0,8090169944","1,118033989","3,577708764",4,5045,1009,,,,
72,5184,"90,47786842","180,9557368","-0,8090169944","0,3090169944","-1,118033989","3,577708764",-4,5180,1036,,,,
73,5329,"91,73450548","183,469011","-0,8090169944","0,3090169944","-1,118033989","3,577708764",-4,5325,1065,,,,
74,5476,"92,99114255","185,9822851","0,3090169944","-0,8090169944","1,118033989","3,577708764",4,5480,1096,,,,
75,5625,"94,24777961","188,4955592",1,1,0,"3,577708764",0,5625,1125,,,,
76,5776,"95,50441667","191,0088333","0,3090169944","-0,8090169944","1,118033989","3,577708764",4,5780,1156,,,,
77,5929,"96,76105373","193,5221075","-0,8090169944","0,3090169944","-1,118033989","3,577708764",-4,5925,1185,,,,