n,Angle,< Mod 360,n Mod 5 ( no Mod),c (correction term),Pentametric Square Areas
0,0,0,0,0,0
1,72,72,1,4,1
2,144,144,2,-4,0
3,216,216,3,-4,1
4,288,288,4,4,4
5,360,0,0,0,5
6,432,72,1,4,8
7,504,144,2,-4,9
8,576,216,3,-4,12
9,648,288,4,4,17
10,720,0,0,0,20
11,792,72,1,4,25
12,864,144,2,-4,28
13,936,216,3,-4,33
14,1008,288,4,4,40
15,1080,0,0,0,45
16,1152,72,1,4,52
17,1224,144,2,-4,57
18,1296,216,3,-4,64
19,1368,288,4,4,73
20,1440,0,0,0,80
21,1512,72,1,4,89
22,1584,144,2,-4,96
23,1656,216,3,-4,105
24,1728,288,4,4,116
25,1800,0,0,0,125
26,1872,72,1,4,136
27,1944,144,2,-4,145
28,2016,216,3,-4,156
29,2088,288,4,4,169
30,2160,0,0,0,180
31,2232,72,1,4,193
32,2304,144,2,-4,204
33,2376,216,3,-4,217
34,2448,288,4,4,232
35,2520,0,0,0,245
36,2592,72,1,4,260
37,2664,144,2,-4,273
38,2736,216,3,-4,288
39,2808,288,4,4,305
40,2880,0,0,0,320
41,2952,72,1,4,337
42,3024,144,2,-4,352
43,3096,216,3,-4,369
44,3168,288,4,4,388
45,3240,0,0,0,405
46,3312,72,1,4,424
47,3384,144,2,-4,441
48,3456,216,3,-4,460
49,3528,288,4,4,481
50,3600,0,0,0,500
51,3672,72,1,4,521
52,3744,144,2,-4,540
53,3816,216,3,-4,561
54,3888,288,4,4,584
55,3960,0,0,0,605
56,4032,72,1,4,628
57,4104,144,2,-4,649
58,4176,216,3,-4,672
59,4248,288,4,4,697
60,4320,0,0,0,720
61,4392,72,1,4,745
62,4464,144,2,-4,768
63,4536,216,3,-4,793
64,4608,288,4,4,820
65,4680,0,0,0,845
66,4752,72,1,4,872
67,4824,144,2,-4,897
68,4896,216,3,-4,924
69,4968,288,4,4,953
70,5040,0,0,0,980
71,5112,72,1,4,1009
72,5184,144,2,-4,1036
73,5256,216,3,-4,1065
74,5328,288,4,4,1096
75,5400,0,0,0,1125
76,5472,72,1,4,1156
77,5544,144,2,-4,1185