n,Powers Of Phy,"0,5*C2-$F$1*D2","$F$1*C2+0,5*D2",Pentametric Areas Through Phy,Constant,Angle,Angle in 360
0,1,1,0,,"1,53884176858763",0,0
1,"1,61803398874990","0,5","1,53884176858763",1,,144,144
2,"2,61803398874990","-2,118033989","1,53884176858763",0,,0,0
3,"4,23606797749979","-3,427050983","-2,48989828488278",1,,144,144
4,"6,85410196624969","2,118033989","-6,51863833835319",4,,288,288
5,"11,09016994374950","11,09016994","0,00000000000000",5,,360,0
6,"17,94427190999920","5,545084972","17,06601673017680",8,,432,72
7,"29,03444185374860","-23,48935688","17,06601673017680",9,,504,144
8,"46,97871376374780","-38,00657781","-27,61339512200040",12,,576,216
9,"76,01315561749640","23,48935688","-72,29280697417760",17,,648,288
10,"122,99186938124400","122,9918694","0,00000000000001",20,,720,0
11,"199,00502499874100","61,49593469","189,26502580053200",25,,792,72
12,"321,99689437998500","-260,5009597","189,26502580053200",28,,864,144
13,"521,00191937872600","-421,4994069","-306,23724462688700",33,,936,216
14,"842,99881375871100","260,5009597","-801,73951505430600",40,,1008,288
15,"1364,00073313744000","1364,000733","0,00000000000034",45,,1080,0
16,"2206,99954689615000","682,0003666","2098,98130053603000",52,,1152,72
17,"3571,00028003358000","-2888,999913","2098,98130053603000",57,,1224,144
18,"5777,99982692973000","-4674,500053","-3396,22308601776000",64,,1296,216
19,"9349,00010696332000","2888,999913","-8891,42747257155000",73,,1368,288
20,"15126,99993389300000","15126,99993","0,00000000000455",80,,1440,0
21,"24476,00004085640000","7563,499967","23278,05933169690000",89,,1512,72
22,"39602,99997474940000","-32039,50001","23278,05933169690000",96,,1584,144
23,"64079,00001560580000",-51841,"-37664,69119082230000",105,,1656,216
24,"103681,99999035500000","32039,50001","-98607,44171334140000",116,,1728,288
25,"167761,00000596100000",167761,"0,00000000006548",125,,1800,0
26,"271442,99999631600000","83880,5","258157,63394920200000",136,,1872,72
27,"439204,00000227700000","-355323,5","258157,63394920200000",145,,1944,144
28,"710646,99999859300000","-574925,5","-417707,82618506300000",156,,2016,216
29,"1149851,00000087000000","355323,5","-1093573,28631933000000",169,,2088,288
30,"1860497,99999946000000",1860498,"0,00000000093132",180,,2160,0
31,"3010349,00000034000000",930249,"2863012,03277292000000",193,,2232,72
32,"4870846,99999980000000",-3940598,"2863012,03277292000000",204,,2304,144
33,"7881196,00000013000000","-6376021,5","-4632450,77922652000000",217,,2376,216
34,"12752042,99999990000000",3940598,"-12127913,59122590000000",232,,2448,288
35,"20633239,00000010000000",20633239,"0,00000001117587",245,,2520,0
36,"33385282,00000000000000","10316619,5","31751289,99445130000000",260,,2592,72
37,"54018521,00000010000000","-43701901,5","31751289,99445130000000",273,,2664,144
38,"87403803,00000010000000",-70711162,"-51374666,39767670000000",288,,2736,216
39,"141422324,00000000000000","43701901,5","-134500622,78980500000000",305,,2808,288
40,"228826127,00000000000000",228826127,"0,00000011920929",320,,2880,0
41,"370248451,00000000000000","114413063,5","352127201,97173800000000",337,,2952,72
42,"599074578,00000100000000","-484661514,5","352127201,97173700000000",352,,3024,144
43,"969323029,00000100000000","-784198803,5","-569753781,15367100000000",369,,3096,216
44,"1568397607,00000000000000","484661514,5","-1491634764,27908000000000",388,,3168,288
45,"2537720636,00000000000000",2537720636,"0,00000202655792",405,,3240,0
46,"4106118243,00001000000000",1268860318,"3905150511,68357000000000",424,,3312,72
47,"6643838879,00001000000000",-5374978561,"3905150511,68356000000000",441,,3384,144
48,"10749957122,00000000000000",-8696898001,"-6318666259,08806000000000",460,,3456,216
49,"17393796001,00000000000000",5374978561,"-16542483029,85970000000000",481,,3528,288
50,"28143753123,00000000000000",28143753123,"0,00002098083496",500,,3600,0
51,"45537549124,00010000000000",14071876562,"43308782830,49100000000000",521,,3672,72
52,"73681302247,00010000000000",-59609425686,"43308782830,49090000000000",540,,3744,144
53,"119218851371,00000000000000",-96450076809,"-70075082631,12230000000000",561,,3816,216
54,"192900153618,00000000000000",59609425686,"-183458948092,73500000000000",584,,3888,288
55,"312119004989,00100000000000",312119004989,"0,00025939941406",605,,3960,0
56,"505019158607,00100000000000",156059502495,"480301761647,08400000000000",628,,4032,72
57,"817138163596,00200000000000",-661078661102,"480301761647,08400000000000",649,,4104,144
58,"1322157322203,00000000000000",-1069647742900,"-777144575201,43400000000000",672,,4176,216
59,"2139295485799,00000000000000",661078661102,"-2034590912049,95000000000000",697,,4248,288
60,"3461452808002,01000000000000",3461452808002,"0,00305175781250",720,,4320,0