n,n^2,2 * (n^2),4*(n^2),<< last  diggit,Interval Map -  cosines,Interval Map - 2n^2,Interval Map - n^2,Interval Map -  4n^2,Pentametric Squares Formula,Pentametric Squares Formula Simplification,Pentametric Square Side Lenght,2*(Pentametric Cycle Areas),2*(Pentametric Cycle Areas) Last digit,(2*(Pentametric Cycle Areas) Last digit)/2,Interval,Greek Name
0,0,0,0,0,0,0,0,0,0,0,0,0,0,0,—,—
1,1,2,4,4,1,1,1,1,1,1,1,2,2,1,unison (1:1),ὁμώνυμον
2,4,8,16,6,-1,-1,-1,-1,0,0,0,0,0,0,—,—
3,9,18,36,6,-1,-1,-1,-1,1,1,1,2,2,1,unison (1:1),ὁμώνυμον
4,16,32,64,4,1,1,1,1,4,4,2,8,8,4,fourth (4:3),διὰ τεσσάρων
5,25,50,100,0,0,0,0,0,5,5,"2,236067977",10,0,0,—,—
6,36,72,144,4,1,1,1,1,8,8,"2,828427125",16,6,3,fifth (3:2),διὰ πέντε
7,49,98,196,6,-1,-1,-1,-1,9,9,3,18,8,4,fourth (4:3),διὰ τεσσάρων
8,64,128,256,6,-1,-1,-1,-1,12,12,"3,464101615",24,4,2,octave (2:1),διὰ πασῶν
9,81,162,324,4,1,1,1,1,17,17,"4,123105626",34,4,2,octave (2:1),διὰ πασῶν
10,100,200,400,0,0,0,0,0,20,20,"4,472135955",40,0,0,—,—
11,121,242,484,4,1,1,1,1,25,25,5,50,0,0,—,—
12,144,288,576,6,-1,-1,-1,-1,28,28,"5,291502622",56,6,3,fifth (3:2),διὰ πέντε
13,169,338,676,6,-1,-1,-1,-1,33,33,"5,744562647",66,6,3,fifth (3:2),διὰ πέντε
14,196,392,784,4,1,1,1,1,40,40,"6,32455532",80,0,0,—,—
15,225,450,900,0,0,0,0,0,45,45,"6,708203932",90,0,0,—,—
16,256,512,1024,4,1,1,1,1,52,52,"7,211102551",104,4,2,octave (2:1),διὰ πασῶν
17,289,578,1156,6,-1,-1,-1,-1,57,57,"7,549834435",114,4,2,octave (2:1),διὰ πασῶν
18,324,648,1296,6,-1,-1,-1,-1,64,64,8,128,8,4,fourth (4:3),διὰ τεσσάρων
19,361,722,1444,4,1,1,1,1,73,73,"8,544003745",146,6,3,fifth (3:2),διὰ πέντε
20,400,800,1600,0,0,0,0,0,80,80,"8,94427191",160,0,0,—,—
21,441,882,1764,4,1,1,1,1,89,89,"9,433981132",178,8,4,fourth (4:3),διὰ τεσσάρων
22,484,968,1936,6,-1,-1,-1,-1,96,96,"9,797958971",192,2,1,unison (1:1),ὁμώνυμον
23,529,1058,2116,6,-1,-1,-1,-1,105,105,"10,24695077",210,0,0,—,—
24,576,1152,2304,4,1,1,1,1,116,116,"10,77032961",232,2,1,unison (1:1),ὁμώνυμον
25,625,1250,2500,0,0,0,0,0,125,125,"11,18033989",250,0,0,—,—
26,676,1352,2704,4,1,1,1,1,136,136,"11,66190379",272,2,1,unison (1:1),ὁμώνυμον
27,729,1458,2916,6,-1,-1,-1,-1,145,145,"12,04159458",290,0,0,—,—
28,784,1568,3136,6,-1,-1,-1,-1,156,156,"12,489996",312,2,1,unison (1:1),ὁμώνυμον
29,841,1682,3364,4,1,1,1,1,169,169,13,338,8,4,fourth (4:3),διὰ τεσσάρων
30,900,1800,3600,0,0,0,0,0,180,180,"13,41640786",360,0,0,—,—
31,961,1922,3844,4,1,1,1,1,193,193,"13,89244399",386,6,3,fifth (3:2),διὰ πέντε
32,1024,2048,4096,6,-1,-1,-1,-1,204,204,"14,28285686",408,8,4,fourth (4:3),διὰ τεσσάρων
33,1089,2178,4356,6,-1,-1,-1,-1,217,217,"14,73091986",434,4,2,octave (2:1),διὰ πασῶν
34,1156,2312,4624,4,1,1,1,1,232,232,"15,23154621",464,4,2,octave (2:1),διὰ πασῶν
35,1225,2450,4900,0,0,0,0,0,245,245,"15,65247584",490,0,0,—,—
36,1296,2592,5184,4,1,1,1,1,260,260,"16,1245155",520,0,0,—,—
37,1369,2738,5476,6,-1,-1,-1,-1,273,273,"16,52271164",546,6,3,fifth (3:2),διὰ πέντε
38,1444,2888,5776,6,-1,-1,-1,-1,288,288,"16,97056275",576,6,3,fifth (3:2),διὰ πέντε
39,1521,3042,6084,4,1,1,1,1,305,305,"17,4642492",610,0,0,—,—
40,1600,3200,6400,0,0,0,0,0,320,320,"17,88854382",640,0,0,—,—
41,1681,3362,6724,4,1,1,1,1,337,337,"18,35755975",674,4,2,octave (2:1),διὰ πασῶν
42,1764,3528,7056,6,-1,-1,-1,-1,352,352,"18,76166304",704,4,2,octave (2:1),διὰ πασῶν
43,1849,3698,7396,6,-1,-1,-1,-1,369,369,"19,20937271",738,8,4,fourth (4:3),διὰ τεσσάρων
44,1936,3872,7744,4,1,1,1,1,388,388,"19,6977156",776,6,3,fifth (3:2),διὰ πέντε
45,2025,4050,8100,0,0,0,0,0,405,405,"20,1246118",810,0,0,—,—
46,2116,4232,8464,4,1,1,1,1,424,424,"20,59126028",848,8,4,fourth (4:3),διὰ τεσσάρων
47,2209,4418,8836,6,-1,-1,-1,-1,441,441,21,882,2,1,unison (1:1),ὁμώνυμον
48,2304,4608,9216,6,-1,-1,-1,-1,460,460,"21,44761059",920,0,0,—,—
49,2401,4802,9604,4,1,1,1,1,481,481,"21,9317122",962,2,1,unison (1:1),ὁμώνυμον
50,2500,5000,10000,0,0,0,0,0,500,500,"22,36067977",1000,0,0,—,—
51,2601,5202,10404,4,1,1,1,1,521,521,"22,82542442",1042,2,1,unison (1:1),ὁμώνυμον
52,2704,5408,10816,6,-1,-1,-1,-1,540,540,"23,23790008",1080,0,0,—,—
53,2809,5618,11236,6,-1,-1,-1,-1,561,561,"23,68543856",1122,2,1,unison (1:1),ὁμώνυμον
54,2916,5832,11664,4,1,1,1,1,584,584,"24,16609195",1168,8,4,fourth (4:3),διὰ τεσσάρων
55,3025,6050,12100,0,0,0,0,0,605,605,"24,59674775",1210,0,0,—,—
56,3136,6272,12544,4,1,1,1,1,628,628,"25,05992817",1256,6,3,fifth (3:2),διὰ πέντε
57,3249,6498,12996,6,-1,-1,-1,-1,649,649,"25,47547841",1298,8,4,fourth (4:3),διὰ τεσσάρων
58,3364,6728,13456,6,-1,-1,-1,-1,672,672,"25,92296279",1344,4,2,octave (2:1),διὰ πασῶν
59,3481,6962,13924,4,1,1,1,1,697,697,"26,40075756",1394,4,2,octave (2:1),διὰ πασῶν
60,3600,7200,14400,0,0,0,0,0,720,720,"26,83281573",1440,0,0,—,—
61,3721,7442,14884,4,1,1,1,1,745,745,"27,29468813",1490,0,0,—,—
62,3844,7688,15376,6,-1,-1,-1,-1,768,768,"27,71281292",1536,6,3,fifth (3:2),διὰ πέντε
63,3969,7938,15876,6,-1,-1,-1,-1,793,793,"28,16025568",1586,6,3,fifth (3:2),διὰ πέντε
64,4096,8192,16384,4,1,1,1,1,820,820,"28,63564213",1640,0,0,—,—
65,4225,8450,16900,0,0,0,0,0,845,845,"29,06888371",1690,0,0,—,—
66,4356,8712,17424,4,1,1,1,1,872,872,"29,52964612",1744,4,2,octave (2:1),διὰ πασῶν
67,4489,8978,17956,6,-1,-1,-1,-1,897,897,"29,94995826",1794,4,2,octave (2:1),διὰ πασῶν
68,4624,9248,18496,6,-1,-1,-1,-1,924,924,"30,39736831",1848,8,4,fourth (4:3),διὰ τεσσάρων
69,4761,9522,19044,4,1,1,1,1,953,953,"30,87069808",1906,6,3,fifth (3:2),διὰ πέντε
70,4900,9800,19600,0,0,0,0,0,980,980,"31,30495168",1960,0,0,—,—
71,5041,10082,20164,4,1,1,1,1,1009,1009,"31,76476035",2018,8,4,fourth (4:3),διὰ τεσσάρων
72,5184,10368,20736,6,-1,-1,-1,-1,1036,1036,"32,18695388",2072,2,1,unison (1:1),ὁμώνυμον
73,5329,10658,21316,6,-1,-1,-1,-1,1065,1065,"32,63433774",2130,0,0,—,—
74,5476,10952,21904,4,1,1,1,1,1096,1096,"33,10589071",2192,2,1,unison (1:1),ὁμώνυμον
75,5625,11250,22500,0,0,0,0,0,1125,1125,"33,54101966",2250,0,0,—,—
76,5776,11552,23104,4,1,1,1,1,1156,1156,34,2312,2,1,unison (1:1),ὁμώνυμον
77,5929,11858,23716,6,-1,-1,-1,-1,1185,1185,"34,42382896",2370,0,0,—,—
78,6084,12168,24336,6,-1,-1,-1,-1,1216,1216,"34,87119155",2432,2,1,unison (1:1),ὁμώνυμον
79,6241,12482,24964,4,1,1,1,1,1249,1249,"35,34119409",2498,8,4,fourth (4:3),διὰ τεσσάρων
80,6400,12800,25600,0,0,0,0,0,1280,1280,"35,77708764",2560,0,0,—,—
81,6561,13122,26244,4,1,1,1,1,1313,1313,"36,23534186",2626,6,3,fifth (3:2),διὰ πέντε
82,6724,13448,26896,6,-1,-1,-1,-1,1344,1344,"36,66060556",2688,8,4,fourth (4:3),διὰ τεσσάρων
83,6889,13778,27556,6,-1,-1,-1,-1,1377,1377,"37,10795063",2754,4,2,octave (2:1),διὰ πασῶν
84,7056,14112,28224,4,1,1,1,1,1412,1412,"37,57658846",2824,4,2,octave (2:1),διὰ πασῶν
85,7225,14450,28900,0,0,0,0,0,1445,1445,"38,01315562",2890,0,0,—,—
86,7396,14792,29584,4,1,1,1,1,1480,1480,"38,47076812",2960,0,0,—,—
87,7569,15138,30276,6,-1,-1,-1,-1,1513,1513,"38,89730068",3026,6,3,fifth (3:2),διὰ πέντε
88,7744,15488,30976,6,-1,-1,-1,-1,1548,1548,"39,34463115",3096,6,3,fifth (3:2),διὰ πέντε
89,7921,15842,31684,4,1,1,1,1,1585,1585,"39,81205847",3170,0,0,—,—
90,8100,16200,32400,0,0,0,0,0,1620,1620,"40,24922359",3240,0,0,—,—
91,8281,16562,33124,4,1,1,1,1,1657,1657,"40,70626487",3314,4,2,octave (2:1),διὰ πασῶν
92,8464,16928,33856,6,-1,-1,-1,-1,1692,1692,"41,1339276",3384,4,2,octave (2:1),διὰ πασῶν
93,8649,17298,34596,6,-1,-1,-1,-1,1729,1729,"41,58124577",3458,8,4,fourth (4:3),διὰ τεσσάρων
94,8836,17672,35344,4,1,1,1,1,1768,1768,"42,04759208",3536,6,3,fifth (3:2),διὰ πέντε
95,9025,18050,36100,0,0,0,0,0,1805,1805,"42,48529157",3610,0,0,—,—
96,9216,18432,36864,4,1,1,1,1,1844,1844,"42,94182111",3688,8,4,fourth (4:3),διὰ τεσσάρων
97,9409,18818,37636,6,-1,-1,-1,-1,1881,1881,"43,37049688",3762,2,1,unison (1:1),ὁμώνυμον
98,9604,19208,38416,6,-1,-1,-1,-1,1920,1920,"43,8178046",3840,0,0,—,—
99,9801,19602,39204,4,1,1,1,1,1961,1961,"44,28317965",3922,2,1,unison (1:1),ὁμώνυμον
100,10000,20000,40000,0,0,0,0,0,2000,2000,"44,72135955",4000,0,0,—,—
101,10201,20402,40804,4,1,1,1,1,2041,2041,"45,17742799",4082,2,1,unison (1:1),ὁμώνυμον
102,10404,20808,41616,6,-1,-1,-1,-1,2080,2080,"45,607017",4160,0,0,—,—
103,10609,21218,42436,6,-1,-1,-1,-1,2121,2121,"46,05431576",4242,2,1,unison (1:1),ὁμώνυμον
104,10816,21632,43264,4,1,1,1,1,2164,2164,"46,5188134",4328,8,4,fourth (4:3),διὰ τεσσάρων
105,11025,22050,44100,0,0,0,0,0,2205,2205,"46,95742753",4410,0,0,—,—
106,11236,22472,44944,4,1,1,1,1,2248,2248,"47,41307836",4496,6,3,fifth (3:2),διὰ πέντε
107,11449,22898,45796,6,-1,-1,-1,-1,2289,2289,"47,84349486",4578,8,4,fourth (4:3),διὰ τεσσάρων
108,11664,23328,46656,6,-1,-1,-1,-1,2332,2332,"48,29078587",4664,4,2,octave (2:1),διὰ πασῶν
109,11881,23762,47524,4,1,1,1,1,2377,2377,"48,75448697",4754,4,2,octave (2:1),διὰ πασῶν
110,12100,24200,48400,0,0,0,0,0,2420,2420,"49,1934955",4840,0,0,—,—
111,12321,24642,49284,4,1,1,1,1,2465,2465,"49,64876635",4930,0,0,—,—
112,12544,25088,50176,6,-1,-1,-1,-1,2508,2508,"50,0799361",5016,6,3,fifth (3:2),διὰ πέντε
113,12769,25538,51076,6,-1,-1,-1,-1,2553,2553,"50,52722039",5106,6,3,fifth (3:2),διὰ πέντε
114,12996,25992,51984,4,1,1,1,1,2600,2600,"50,99019514",5200,0,0,—,—
115,13225,26450,52900,0,0,0,0,0,2645,2645,"51,42956348",5290,0,0,—,—
116,13456,26912,53824,4,1,1,1,1,2692,2692,"51,88448708",5384,4,2,octave (2:1),διὰ πασῶν
117,13689,27378,54756,6,-1,-1,-1,-1,2737,2737,"52,31634544",5474,4,2,octave (2:1),διὰ πασῶν
118,13924,27848,55696,6,-1,-1,-1,-1,2784,2784,"52,76362383",5568,8,4,fourth (4:3),διὰ τεσσάρων
119,14161,28322,56644,4,1,1,1,1,2833,2833,"53,22593353",5666,6,3,fifth (3:2),διὰ πέντε
120,14400,28800,57600,0,0,0,0,0,2880,2880,"53,66563146",5760,0,0,—,—
121,14641,29282,58564,4,1,1,1,1,2929,2929,"54,12023651",5858,8,4,fourth (4:3),διὰ τεσσάρων
122,14884,29768,59536,6,-1,-1,-1,-1,2976,2976,"54,55272679",5952,2,1,unison (1:1),ὁμώνυμον
123,15129,30258,60516,6,-1,-1,-1,-1,3025,3025,55,6050,0,0,—,—
124,15376,30752,61504,4,1,1,1,1,3076,3076,"55,4616985",6152,2,1,unison (1:1),ὁμώνυμον
125,15625,31250,62500,0,0,0,0,0,3125,3125,"55,90169944",6250,0,0,—,—
126,15876,31752,63504,4,1,1,1,1,3176,3176,"56,35601121",6352,2,1,unison (1:1),ὁμώνυμον
127,16129,32258,64516,6,-1,-1,-1,-1,3225,3225,"56,78908346",6450,0,0,—,—
128,16384,32768,65536,6,-1,-1,-1,-1,3276,3276,"57,23635209",6552,2,1,unison (1:1),ὁμώνυμον
129,16641,33282,66564,4,1,1,1,1,3329,3329,"57,69748695",6658,8,4,fourth (4:3),διὰ τεσσάρων
130,16900,33800,67600,0,0,0,0,0,3380,3380,"58,13776741",6760,0,0,—,—
131,17161,34322,68644,4,1,1,1,1,3433,3433,"58,5918083",6866,6,3,fifth (3:2),διὰ πέντε
132,17424,34848,69696,6,-1,-1,-1,-1,3484,3484,"59,02541825",6968,8,4,fourth (4:3),διὰ τεσσάρων
133,17689,35378,70756,6,-1,-1,-1,-1,3537,3537,"59,4726828",7074,4,2,octave (2:1),διὰ πασῶν
134,17956,35912,71824,4,1,1,1,1,3592,3592,"59,93329626",7184,4,2,octave (2:1),διὰ πασῶν
135,18225,36450,72900,0,0,0,0,0,3645,3645,"60,37383539",7290,0,0,—,—
136,18496,36992,73984,4,1,1,1,1,3700,3700,"60,8276253",7400,0,0,—,—
137,18769,37538,75076,6,-1,-1,-1,-1,3753,3753,"61,26173357",7506,6,3,fifth (3:2),διὰ πέντε
138,19044,38088,76176,6,-1,-1,-1,-1,3808,3808,"61,70899448",7616,6,3,fifth (3:2),διὰ πέντε
139,19321,38642,77284,4,1,1,1,1,3865,3865,"62,16912417",7730,0,0,—,—
140,19600,39200,78400,0,0,0,0,0,3920,3920,"62,60990337",7840,0,0,—,—
141,19881,39762,79524,4,1,1,1,1,3977,3977,"63,0634601",7954,4,2,octave (2:1),διὰ πασῶν
142,20164,40328,80656,6,-1,-1,-1,-1,4032,4032,"63,49803147",8064,4,2,octave (2:1),διὰ πασῶν
143,20449,40898,81796,6,-1,-1,-1,-1,4089,4089,"63,94528911",8178,8,4,fourth (4:3),διὰ τεσσάρων
144,20736,41472,82944,4,1,1,1,1,4148,4148,"64,40496875",8296,6,3,fifth (3:2),διὰ πέντε
145,21025,42050,84100,0,0,0,0,0,4205,4205,"64,84597135",8410,0,0,—,—
146,21316,42632,85264,4,1,1,1,1,4264,4264,"65,29931087",8528,8,4,fourth (4:3),διὰ τεσσάρων
147,21609,43218,86436,6,-1,-1,-1,-1,4321,4321,"65,73431372",8642,2,1,unison (1:1),ὁμώνυμον
148,21904,43808,87616,6,-1,-1,-1,-1,4380,4380,"66,18156843",8760,0,0,—,—
149,22201,44402,88804,4,1,1,1,1,4441,4441,"66,64082833",8882,2,1,unison (1:1),ὁμώνυμον
150,22500,45000,90000,0,0,0,0,0,4500,4500,"67,08203932",9000,0,0,—,—
151,22801,45602,91204,4,1,1,1,1,4561,4561,"67,53517602",9122,2,1,unison (1:1),ὁμώνυμον
152,23104,46208,92416,6,-1,-1,-1,-1,4620,4620,"67,97058187",9240,0,0,—,—
153,23409,46818,93636,6,-1,-1,-1,-1,4681,4681,"68,41783393",9362,2,1,unison (1:1),ὁμώνυμον
154,23716,47432,94864,4,1,1,1,1,4744,4744,"68,87670143",9488,8,4,fourth (4:3),διὰ τεσσάρων
155,24025,48050,96100,0,0,0,0,0,4805,4805,"69,3181073",9610,0,0,—,—
156,24336,48672,97344,4,1,1,1,1,4868,4868,"69,77105417",9736,6,3,fifth (3:2),διὰ πέντε
157,24649,49298,98596,6,-1,-1,-1,-1,4929,4929,"70,20683727",9858,8,4,fourth (4:3),διὰ τεσσάρων
158,24964,49928,99856,6,-1,-1,-1,-1,4992,4992,"70,65408693",9984,4,2,octave (2:1),διὰ πασῶν
159,25281,50562,101124,4,1,1,1,1,5057,5057,"71,11258679",10114,4,2,octave (2:1),διὰ πασῶν
160,25600,51200,102400,0,0,0,0,0,5120,5120,"71,55417528",10240,0,0,—,—
161,25921,51842,103684,4,1,1,1,1,5185,5185,"72,00694411",10370,0,0,—,—
162,26244,52488,104976,6,-1,-1,-1,-1,5248,5248,"72,44308111",10496,6,3,fifth (3:2),διὰ πέντε
163,26569,53138,106276,6,-1,-1,-1,-1,5313,5313,"72,89032858",10626,6,3,fifth (3:2),διὰ πέντε
164,26896,53792,107584,4,1,1,1,1,5380,5380,"73,34848328",10760,0,0,—,—
165,27225,54450,108900,0,0,0,0,0,5445,5445,"73,79024326",10890,0,0,—,—
166,27556,55112,110224,4,1,1,1,1,5512,5512,"74,24284477",11024,4,2,octave (2:1),διὰ πασῶν
167,27889,55778,111556,6,-1,-1,-1,-1,5577,5577,"74,6793144",11154,4,2,octave (2:1),διὰ πασῶν
168,28224,56448,112896,6,-1,-1,-1,-1,5644,5644,"75,12655988",11288,8,4,fourth (4:3),διὰ τεσσάρων
169,28561,57122,114244,4,1,1,1,1,5713,5713,"75,58438992",11426,6,3,fifth (3:2),διὰ πέντε
170,28900,57800,115600,0,0,0,0,0,5780,5780,"76,02631123",11560,0,0,—,—
171,29241,58482,116964,4,1,1,1,1,5849,5849,"76,47875522",11698,8,4,fourth (4:3),διὰ τεσσάρων
172,29584,59168,118336,6,-1,-1,-1,-1,5916,5916,"76,91553809",11832,2,1,unison (1:1),ὁμώνυμον
173,29929,59858,119716,6,-1,-1,-1,-1,5985,5985,"77,36278175",11970,0,0,—,—
174,30276,60552,121104,4,1,1,1,1,6056,6056,"77,82030583",12112,2,1,unison (1:1),ὁμώνυμον
175,30625,61250,122500,0,0,0,0,0,6125,6125,"78,26237921",12250,0,0,—,—
176,30976,61952,123904,4,1,1,1,1,6196,6196,"78,71467462",12392,2,1,unison (1:1),ὁμώνυμον
177,31329,62658,125316,6,-1,-1,-1,-1,6265,6265,"79,15175298",12530,0,0,—,—
178,31684,63368,126736,6,-1,-1,-1,-1,6336,6336,"79,59899497",12672,2,1,unison (1:1),ὁμώνυμον
179,32041,64082,128164,4,1,1,1,1,6409,6409,"80,05623024",12818,8,4,fourth (4:3),διὰ τεσσάρων
180,32400,64800,129600,0,0,0,0,0,6480,6480,"80,49844719",12960,0,0,—,—
181,32761,65522,131044,4,1,1,1,1,6553,6553,"80,95060222",13106,6,3,fifth (3:2),διὰ πέντε
182,33124,66248,132496,6,-1,-1,-1,-1,6624,6624,"81,3879598",13248,8,4,fourth (4:3),διὰ τεσσάρων
183,33489,66978,133956,6,-1,-1,-1,-1,6697,6697,"81,83520025",13394,4,2,octave (2:1),διὰ πασῶν
184,33856,67712,135424,4,1,1,1,1,6772,6772,"82,29216245",13544,4,2,octave (2:1),διὰ πασῶν
185,34225,68450,136900,0,0,0,0,0,6845,6845,"82,73451517",13690,0,0,—,—
186,34596,69192,138384,4,1,1,1,1,6920,6920,"83,18653737",13840,0,0,—,—
187,34969,69938,139876,6,-1,-1,-1,-1,6993,6993,"83,62415919",13986,6,3,fifth (3:2),διὰ πέντε
188,35344,70688,141376,6,-1,-1,-1,-1,7068,7068,"84,07139823",14136,6,3,fifth (3:2),διὰ πέντε
189,35721,71442,142884,4,1,1,1,1,7145,7145,"84,52810184",14290,0,0,—,—
190,36100,72200,144400,0,0,0,0,0,7220,7220,"84,97058314",14440,0,0,—,—
191,36481,72962,145924,4,1,1,1,1,7297,7297,"85,42247948",14594,4,2,octave (2:1),διὰ πασῶν
192,36864,73728,147456,6,-1,-1,-1,-1,7372,7372,"85,86035173",14744,4,2,octave (2:1),διὰ πασῶν
193,37249,74498,148996,6,-1,-1,-1,-1,7449,7449,"86,30758947",14898,8,4,fourth (4:3),διὰ τεσσάρων
194,37636,75272,150544,4,1,1,1,1,7528,7528,"86,76404785",15056,6,3,fifth (3:2),διὰ πέντε
195,38025,76050,152100,0,0,0,0,0,7605,7605,"87,20665112",15210,0,0,—,—
196,38416,76832,153664,4,1,1,1,1,7684,7684,"87,658428",15368,8,4,fourth (4:3),διὰ τεσσάρων
197,38809,77618,155236,6,-1,-1,-1,-1,7761,7761,"88,09653796",15522,2,1,unison (1:1),ὁμώνυμον
198,39204,78408,156816,6,-1,-1,-1,-1,7840,7840,"88,54377448",15680,0,0,—,—
199,39601,79202,158404,4,1,1,1,1,7921,7921,89,15842,2,1,unison (1:1),ὁμώνυμον
200,40000,80000,160000,0,0,0,0,0,8000,8000,"89,4427191",16000,0,0,—,—
201,40401,80802,161604,4,1,1,1,1,8081,8081,"89,89438247",16162,2,1,unison (1:1),ὁμώνυμον
202,40804,81608,163216,6,-1,-1,-1,-1,8160,8160,"90,33271833",16320,0,0,—,—
203,41209,82418,164836,6,-1,-1,-1,-1,8241,8241,"90,77995373",16482,2,1,unison (1:1),ὁμώνυμον
204,41616,83232,166464,4,1,1,1,1,8324,8324,"91,23595782",16648,8,4,fourth (4:3),διὰ τεσσάρων
205,42025,84050,168100,0,0,0,0,0,8405,8405,"91,67878708",16810,0,0,—,—
206,42436,84872,169744,4,1,1,1,1,8488,8488,"92,13034245",16976,6,3,fifth (3:2),διὰ πέντε
207,42849,85698,171396,6,-1,-1,-1,-1,8569,8569,"92,56889326",17138,8,4,fourth (4:3),διὰ τεσσάρων
208,43264,86528,173056,6,-1,-1,-1,-1,8652,8652,"93,01612763",17304,4,2,octave (2:1),διὰ πασῶν
209,43681,87362,174724,4,1,1,1,1,8737,8737,"93,47192092",17474,4,2,octave (2:1),διὰ πασῶν
210,44100,88200,176400,0,0,0,0,0,8820,8820,"93,91485505",17640,0,0,—,—
211,44521,89042,178084,4,1,1,1,1,8905,8905,"94,36630755",17810,0,0,—,—
212,44944,89888,179776,6,-1,-1,-1,-1,8988,8988,"94,80506316",17976,6,3,fifth (3:2),διὰ πέντε
213,45369,90738,181476,6,-1,-1,-1,-1,9073,9073,"95,25229656",18146,6,3,fifth (3:2),διὰ πέντε
214,45796,91592,183184,4,1,1,1,1,9160,9160,"95,70788891",18320,0,0,—,—
215,46225,92450,184900,0,0,0,0,0,9245,9245,"96,15092303",18490,0,0,—,—
216,46656,93312,186624,4,1,1,1,1,9332,9332,"96,60227741",18664,4,2,octave (2:1),διὰ πασῶν
217,47089,94178,188356,6,-1,-1,-1,-1,9417,9417,"97,04122835",18834,4,2,octave (2:1),διὰ πασῶν
218,47524,95048,190096,6,-1,-1,-1,-1,9504,9504,"97,48846086",19008,8,4,fourth (4:3),διὰ τεσσάρων
219,47961,95922,191844,4,1,1,1,1,9593,9593,"97,94386147",19186,6,3,fifth (3:2),διὰ πέντε
220,48400,96800,193600,0,0,0,0,0,9680,9680,"98,38699101",19360,0,0,—,—
221,48841,97682,195364,4,1,1,1,1,9769,9769,"98,8382517",19538,8,4,fourth (4:3),διὰ τεσσάρων
222,49284,98568,197136,6,-1,-1,-1,-1,9856,9856,"99,27738917",19712,2,1,unison (1:1),ὁμώνυμον
223,49729,99458,198916,6,-1,-1,-1,-1,9945,9945,"99,72462083",19890,0,0,—,—
224,50176,100352,200704,4,1,1,1,1,10036,10036,"100,1798383",20072,2,1,unison (1:1),ὁμώνυμον
225,50625,101250,202500,0,0,0,0,0,10125,10125,"100,623059",20250,0,0,—,—
226,51076,102152,204304,4,1,1,1,1,10216,10216,"101,0742301",20432,2,1,unison (1:1),ὁμώνυμον
227,51529,103058,206116,6,-1,-1,-1,-1,10305,10305,"101,5135459",20610,0,0,—,—
228,51984,103968,207936,6,-1,-1,-1,-1,10396,10396,"101,9607768",20792,2,1,unison (1:1),ὁμώνυμον
229,52441,104882,209764,4,1,1,1,1,10489,10489,"102,4158191",20978,8,4,fourth (4:3),διὰ τεσσάρων
230,52900,105800,211600,0,0,0,0,0,10580,10580,"102,859127",21160,0,0,—,—
231,53361,106722,213444,4,1,1,1,1,10673,10673,"103,3102125",21346,6,3,fifth (3:2),διὰ πέντε
232,53824,107648,215296,6,-1,-1,-1,-1,10764,10764,"103,7496988",21528,8,4,fourth (4:3),διὰ τεσσάρων
233,54289,108578,217156,6,-1,-1,-1,-1,10857,10857,"104,1969289",21714,4,2,octave (2:1),διὰ πασῶν
234,54756,109512,219024,4,1,1,1,1,10952,10952,"104,6518036",21904,4,2,octave (2:1),διὰ πασῶν
235,55225,110450,220900,0,0,0,0,0,11045,11045,"105,0951949",22090,0,0,—,—
236,55696,111392,222784,4,1,1,1,1,11140,11140,"105,5461984",22280,0,0,—,—
237,56169,112338,224676,6,-1,-1,-1,-1,11233,11233,"105,9858481",22466,6,3,fifth (3:2),διὰ πέντε
238,56644,113288,226576,6,-1,-1,-1,-1,11328,11328,"106,4330776",22656,6,3,fifth (3:2),διὰ πέντε
239,57121,114242,228484,4,1,1,1,1,11425,11425,"106,8877916",22850,0,0,—,—
240,57600,115200,230400,0,0,0,0,0,11520,11520,"107,3312629",23040,0,0,—,—
241,58081,116162,232324,4,1,1,1,1,11617,11617,"107,7821878",23234,4,2,octave (2:1),διὰ πασῶν
242,58564,117128,234256,6,-1,-1,-1,-1,11712,11712,"108,2219941",23424,4,2,octave (2:1),διὰ πασῶν
243,59049,118098,236196,6,-1,-1,-1,-1,11809,11809,"108,6692229",23618,8,4,fourth (4:3),διὰ τεσσάρων
244,59536,119072,238144,4,1,1,1,1,11908,11908,"109,1237829",23816,6,3,fifth (3:2),διὰ πέντε
245,60025,120050,240100,0,0,0,0,0,12005,12005,"109,5673309",24010,0,0,—,—
246,60516,121032,242064,4,1,1,1,1,12104,12104,"110,0181803",24208,8,4,fourth (4:3),διὰ τεσσάρων
247,61009,122018,244036,6,-1,-1,-1,-1,12201,12201,"110,4581369",24402,2,1,unison (1:1),ὁμώνυμον
248,61504,123008,246016,6,-1,-1,-1,-1,12300,12300,"110,9053651",24600,0,0,—,—
249,62001,124002,248004,4,1,1,1,1,12401,12401,"111,3597773",24802,2,1,unison (1:1),ὁμώνυμον
250,62500,125000,250000,0,0,0,0,0,12500,12500,"111,8033989",25000,0,0,—,—
251,63001,126002,252004,4,1,1,1,1,12601,12601,"112,2541759",25202,2,1,unison (1:1),ὁμώνυμον
252,63504,127008,254016,6,-1,-1,-1,-1,12700,12700,"112,6942767",25400,0,0,—,—
253,64009,128018,256036,6,-1,-1,-1,-1,12801,12801,"113,1415043",25602,2,1,unison (1:1),ὁμώνυμον
254,64516,129032,258064,4,1,1,1,1,12904,12904,"113,5957746",25808,8,4,fourth (4:3),διὰ τεσσάρων
255,65025,130050,260100,0,0,0,0,0,13005,13005,"114,0394669",26010,0,0,—,—
256,65536,131072,262144,4,1,1,1,1,13108,13108,"114,4901743",26216,6,3,fifth (3:2),διὰ πέντε
257,66049,132098,264196,6,-1,-1,-1,-1,13209,13209,"114,9304137",26418,8,4,fourth (4:3),διὰ τεσσάρων
258,66564,133128,266256,6,-1,-1,-1,-1,13312,13312,"115,3776408",26624,4,2,octave (2:1),διὰ πασῶν
259,67081,134162,268324,4,1,1,1,1,13417,13417,"115,8317746",26834,4,2,octave (2:1),διὰ πασῶν
260,67600,135200,270400,0,0,0,0,0,13520,13520,"116,2755348",27040,0,0,—,—
261,68121,136242,272484,4,1,1,1,1,13625,13625,"116,7261753",27250,0,0,—,—
262,68644,137288,274576,6,-1,-1,-1,-1,13728,13728,"117,1665481",27456,6,3,fifth (3:2),διὰ πέντε
263,69169,138338,276676,6,-1,-1,-1,-1,13833,13833,"117,6137747",27666,6,3,fifth (3:2),διὰ πέντε
264,69696,139392,278784,4,1,1,1,1,13940,13940,"118,0677771",27880,0,0,—,—
265,70225,140450,280900,0,0,0,0,0,14045,14045,"118,5116028",28090,0,0,—,—
266,70756,141512,283024,4,1,1,1,1,14152,14152,"118,9621789",28304,4,2,octave (2:1),διὰ πασῶν
267,71289,142578,285156,6,-1,-1,-1,-1,14257,14257,"119,40268",28514,4,2,octave (2:1),διὰ πασῶν
268,71824,143648,287296,6,-1,-1,-1,-1,14364,14364,"119,8499061",28728,8,4,fourth (4:3),διὰ τεσσάρων
269,72361,144722,289444,4,1,1,1,1,14473,14473,"120,3037822",28946,6,3,fifth (3:2),διὰ πέντε
270,72900,145800,291600,0,0,0,0,0,14580,14580,"120,7476708",29160,0,0,—,—
271,73441,146882,293764,4,1,1,1,1,14689,14689,"121,1981848",29378,8,4,fourth (4:3),διὰ τεσσάρων
272,73984,147968,295936,6,-1,-1,-1,-1,14796,14796,"121,6388096",29592,2,1,unison (1:1),ὁμώνυμον
273,74529,149058,298116,6,-1,-1,-1,-1,14905,14905,"122,0860352",29810,0,0,—,—
274,75076,150152,300304,4,1,1,1,1,15016,15016,"122,5397895",30032,2,1,unison (1:1),ὁμώνυμον
275,75625,151250,302500,0,0,0,0,0,15125,15125,"122,9837388",30250,0,0,—,—
276,76176,152352,304704,4,1,1,1,1,15236,15236,"123,434193",30472,2,1,unison (1:1),ὁμώνυμον
277,76729,153458,306916,6,-1,-1,-1,-1,15345,15345,"123,8749369",30690,0,0,—,—
278,77284,154568,309136,6,-1,-1,-1,-1,15456,15456,"124,3221621",30912,2,1,unison (1:1),ὁμώνυμον
279,77841,155682,311364,4,1,1,1,1,15569,15569,"124,7757989",31138,8,4,fourth (4:3),διὰ τεσσάρων
280,78400,156800,313600,0,0,0,0,0,15680,15680,"125,2198067",31360,0,0,—,—
281,78961,157922,315844,4,1,1,1,1,15793,15793,"125,6702033",31586,6,3,fifth (3:2),διὰ πέντε
282,79524,159048,318096,6,-1,-1,-1,-1,15904,15904,"126,1110622",31808,8,4,fourth (4:3),διὰ τεσσάρων
283,80089,160178,320356,6,-1,-1,-1,-1,16017,16017,"126,558287",32034,4,2,octave (2:1),διὰ πασῶν
284,80656,161312,322624,4,1,1,1,1,16132,16132,"127,0118105",32264,4,2,octave (2:1),διὰ πασῶν
285,81225,162450,324900,0,0,0,0,0,16245,16245,"127,4558747",32490,0,0,—,—
286,81796,163592,327184,4,1,1,1,1,16360,16360,"127,9062156",32720,0,0,—,—
287,82369,164738,329476,6,-1,-1,-1,-1,16473,16473,"128,3471854",32946,6,3,fifth (3:2),διὰ πέντε
288,82944,165888,331776,6,-1,-1,-1,-1,16588,16588,"128,7944098",33176,6,3,fifth (3:2),διὰ πέντε
289,83521,167042,334084,4,1,1,1,1,16705,16705,"129,247824",33410,0,0,—,—
290,84100,168200,336400,0,0,0,0,0,16820,16820,"129,6919427",33640,0,0,—,—
291,84681,169362,338724,4,1,1,1,1,16937,16937,"130,1422299",33874,4,2,octave (2:1),διὰ πασῶν
292,85264,170528,341056,6,-1,-1,-1,-1,17052,17052,"130,5833067",34104,4,2,octave (2:1),διὰ πασῶν
293,85849,171698,343396,6,-1,-1,-1,-1,17169,17169,"131,0305308",34338,8,4,fourth (4:3),διὰ τεσσάρων
294,86436,172872,345744,4,1,1,1,1,17288,17288,"131,4838393",34576,6,3,fifth (3:2),διὰ πέντε
295,87025,174050,348100,0,0,0,0,0,17405,17405,"131,9280107",34810,0,0,—,—
296,87616,175232,350464,4,1,1,1,1,17524,17524,"132,3782459",35048,8,4,fourth (4:3),διὰ τεσσάρων
297,88209,176418,352836,6,-1,-1,-1,-1,17641,17641,"132,8194263",35282,2,1,unison (1:1),ὁμώνυμον
298,88804,177608,355216,6,-1,-1,-1,-1,17760,17760,"133,26665",35520,0,0,—,—
299,89401,178802,357604,4,1,1,1,1,17881,17881,"133,7198564",35762,2,1,unison (1:1),ὁμώνυμον
300,90000,180000,360000,0,0,0,0,0,18000,18000,"134,1640786",36000,0,0,—,—
301,90601,181202,362404,4,1,1,1,1,18121,18121,"134,6142637",36242,2,1,unison (1:1),ὁμώνυμον
302,91204,182408,364816,6,-1,-1,-1,-1,18240,18240,"135,0555441",36480,0,0,—,—
303,91809,183618,367236,6,-1,-1,-1,-1,18361,18361,"135,5027675",36722,2,1,unison (1:1),ὁμώνυμον
304,92416,184832,369664,4,1,1,1,1,18484,18484,"135,9558752",36968,8,4,fourth (4:3),διὰ τεσσάρων
305,93025,186050,372100,0,0,0,0,0,18605,18605,"136,4001466",37210,0,0,—,—
306,93636,187272,374544,4,1,1,1,1,18728,18728,"136,8502832",37456,6,3,fifth (3:2),διὰ πέντε
307,94249,188498,376996,6,-1,-1,-1,-1,18849,18849,"137,2916603",37698,8,4,fourth (4:3),διὰ τεσσάρων
308,94864,189728,379456,6,-1,-1,-1,-1,18972,18972,"137,7388834",37944,4,2,octave (2:1),διὰ πασῶν
309,95481,190962,381924,4,1,1,1,1,19097,19097,"138,1918956",38194,4,2,octave (2:1),διὰ πασῶν
310,96100,192200,384400,0,0,0,0,0,19220,19220,"138,6362146",38440,0,0,—,—
311,96721,193442,386884,4,1,1,1,1,19345,19345,"139,0863041",38690,0,0,—,—
312,97344,194688,389376,6,-1,-1,-1,-1,19468,19468,"139,527775",38936,6,3,fifth (3:2),διὰ πέντε
313,97969,195938,391876,6,-1,-1,-1,-1,19593,19593,"139,9749978",39186,6,3,fifth (3:2),διὰ πέντε
314,98596,197192,394384,4,1,1,1,1,19720,19720,"140,4279175",39440,0,0,—,—
315,99225,198450,396900,0,0,0,0,0,19845,19845,"140,8722826",39690,0,0,—,—
316,99856,199712,399424,4,1,1,1,1,19972,19972,"141,3223266",39944,4,2,octave (2:1),διὰ πασῶν
317,100489,200978,401956,6,-1,-1,-1,-1,20097,20097,"141,7638882",40194,4,2,octave (2:1),διὰ πασῶν
318,101124,202248,404496,6,-1,-1,-1,-1,20224,20224,"142,2111107",40448,8,4,fourth (4:3),διὰ τεσσάρων
319,101761,203522,407044,4,1,1,1,1,20353,20353,"142,6639408",40706,6,3,fifth (3:2),διὰ πέντε
320,102400,204800,409600,0,0,0,0,0,20480,20480,"143,1083506",40960,0,0,—,—
321,103041,206082,412164,4,1,1,1,1,20609,20609,"143,5583505",41218,8,4,fourth (4:3),διὰ τεσσάρων
322,103684,207368,414736,6,-1,-1,-1,-1,20736,20736,144,41472,2,1,unison (1:1),ὁμώνυμον
323,104329,208658,417316,6,-1,-1,-1,-1,20865,20865,"144,4472222",41730,0,0,—,—
324,104976,209952,419904,4,1,1,1,1,20996,20996,"144,8999655",41992,2,1,unison (1:1),ὁμώνυμον
325,105625,211250,422500,0,0,0,0,0,21125,21125,"145,3444185",42250,0,0,—,—
326,106276,212552,425104,4,1,1,1,1,21256,21256,"145,7943757",42512,2,1,unison (1:1),ὁμώνυμον
327,106929,213858,427716,6,-1,-1,-1,-1,21385,21385,"146,2361105",42770,0,0,—,—
328,107584,215168,430336,6,-1,-1,-1,-1,21516,21516,"146,6833324",43032,2,1,unison (1:1),ὁμώνυμον
329,108241,216482,432964,4,1,1,1,1,21649,21649,"147,1359915",43298,8,4,fourth (4:3),διὰ τεσσάρων
330,108900,217800,435600,0,0,0,0,0,21780,21780,"147,5804865",43560,0,0,—,—
331,109561,219122,438244,4,1,1,1,1,21913,21913,"148,0304023",43826,6,3,fifth (3:2),διὰ πέντε
332,110224,220448,440896,6,-1,-1,-1,-1,22044,22044,"148,4722196",44088,8,4,fourth (4:3),διὰ τεσσάρων
333,110889,221778,443556,6,-1,-1,-1,-1,22177,22177,"148,9194413",44354,4,2,octave (2:1),διὰ πασῶν
334,111556,223112,446224,4,1,1,1,1,22312,22312,"149,3720188",44624,4,2,octave (2:1),διὰ πασῶν
335,112225,224450,448900,0,0,0,0,0,22445,22445,"149,8165545",44890,0,0,—,—
336,112896,225792,451584,4,1,1,1,1,22580,22580,"150,2664301",45160,0,0,—,—
337,113569,227138,454276,6,-1,-1,-1,-1,22713,22713,"150,7083276",45426,6,3,fifth (3:2),διὰ πέντε
338,114244,228488,456976,6,-1,-1,-1,-1,22848,22848,"151,155549",45696,6,3,fifth (3:2),διὰ πέντε
339,114921,229842,459684,4,1,1,1,1,22985,22985,"151,6080473",45970,0,0,—,—
340,115600,231200,462400,0,0,0,0,0,23120,23120,"152,0526225",46240,0,0,—,—
341,116281,232562,465124,4,1,1,1,1,23257,23257,"152,502459",46514,4,2,octave (2:1),διὰ πασῶν
342,116964,233928,467856,6,-1,-1,-1,-1,23392,23392,"152,9444344",46784,4,2,octave (2:1),διὰ πασῶν
343,117649,235298,470596,6,-1,-1,-1,-1,23529,23529,"153,3916556",47058,8,4,fourth (4:3),διὰ τεσσάρων
344,118336,236672,473344,4,1,1,1,1,23668,23668,"153,8440769",47336,6,3,fifth (3:2),διὰ πέντε
345,119025,238050,476100,0,0,0,0,0,23805,23805,"154,2886904",47610,0,0,—,—
346,119716,239432,478864,4,1,1,1,1,23944,23944,"154,7384891",47888,8,4,fourth (4:3),διὰ τεσσάρων
347,120409,240818,481636,6,-1,-1,-1,-1,24081,24081,"155,18054",48162,2,1,unison (1:1),ὁμώνυμον
348,121104,242208,484416,6,-1,-1,-1,-1,24220,24220,"155,627761",48440,0,0,—,—
349,121801,243602,487204,4,1,1,1,1,24361,24361,"156,0801076",48722,2,1,unison (1:1),ὁμώνυμον
350,122500,245000,490000,0,0,0,0,0,24500,24500,"156,5247584",49000,0,0,—,—
351,123201,246402,492804,4,1,1,1,1,24641,24641,"156,9745202",49282,2,1,unison (1:1),ὁμώνυμον
352,123904,247808,495616,6,-1,-1,-1,-1,24780,24780,"157,4166446",49560,0,0,—,—
353,124609,249218,498436,6,-1,-1,-1,-1,24921,24921,"157,8638654",49842,2,1,unison (1:1),ὁμώνυμον
354,125316,250632,501264,4,1,1,1,1,25064,25064,"158,3161394",50128,8,4,fourth (4:3),διὰ τεσσάρων
355,126025,252050,504100,0,0,0,0,0,25205,25205,"158,7608264",50410,0,0,—,—
356,126736,253472,506944,4,1,1,1,1,25348,25348,"159,2105524",50696,6,3,fifth (3:2),διὰ πέντε
357,127449,254898,509796,6,-1,-1,-1,-1,25489,25489,"159,6527482",50978,8,4,fourth (4:3),διὰ τεσσάρων
358,128164,256328,512656,6,-1,-1,-1,-1,25632,25632,"160,0999688",51264,4,2,octave (2:1),διὰ πασῶν
359,128881,257762,515524,4,1,1,1,1,25777,25777,"160,5521722",51554,4,2,octave (2:1),διὰ πασῶν
360,129600,259200,518400,0,0,0,0,0,25920,25920,"160,9968944",51840,0,0,—,—
361,130321,260642,521284,4,1,1,1,1,26065,26065,"161,4465856",52130,0,0,—,—
362,131044,262088,524176,6,-1,-1,-1,-1,26208,26208,"161,8888508",52416,6,3,fifth (3:2),διὰ πέντε
363,131769,263538,527076,6,-1,-1,-1,-1,26353,26353,"162,3360712",52706,6,3,fifth (3:2),διὰ πέντε
364,132496,264992,529984,4,1,1,1,1,26500,26500,"162,788206",53000,0,0,—,—
365,133225,266450,532900,0,0,0,0,0,26645,26645,"163,2329624",53290,0,0,—,—
366,133956,267912,535824,4,1,1,1,1,26792,26792,"163,6826197",53584,4,2,octave (2:1),διὰ πασῶν
367,134689,269378,538756,6,-1,-1,-1,-1,26937,26937,"164,1249524",53874,4,2,octave (2:1),διὰ πασῶν
368,135424,270848,541696,6,-1,-1,-1,-1,27084,27084,"164,5721726",54168,8,4,fourth (4:3),διὰ τεσσάρων
369,136161,272322,544644,4,1,1,1,1,27233,27233,"165,0242406",54466,6,3,fifth (3:2),διὰ πέντε
370,136900,273800,547600,0,0,0,0,0,27380,27380,"165,4690303",54760,0,0,—,—
371,137641,275282,550564,4,1,1,1,1,27529,27529,"165,9186548",55058,8,4,fourth (4:3),διὰ τεσσάρων
372,138384,276768,553536,6,-1,-1,-1,-1,27676,27676,"166,3610531",55352,2,1,unison (1:1),ὁμώνυμον
373,139129,278258,556516,6,-1,-1,-1,-1,27825,27825,"166,8082732",55650,0,0,—,—
374,139876,279752,559504,4,1,1,1,1,27976,27976,"167,2602762",55952,2,1,unison (1:1),ὁμώνυμον
375,140625,281250,562500,0,0,0,0,0,28125,28125,"167,7050983",56250,0,0,—,—
376,141376,282752,565504,4,1,1,1,1,28276,28276,"168,1546907",56552,2,1,unison (1:1),ὁμώνυμον
377,142129,284258,568516,6,-1,-1,-1,-1,28425,28425,"168,597153",56850,0,0,—,—
378,142884,285768,571536,6,-1,-1,-1,-1,28576,28576,"169,0443729",57152,2,1,unison (1:1),ὁμώνυμον
379,143641,287282,574564,4,1,1,1,1,28729,28729,"169,4963126",57458,8,4,fourth (4:3),διὰ τεσσάρων
380,144400,288800,577600,0,0,0,0,0,28880,28880,"169,9411663",57760,0,0,—,—
381,145161,290322,580644,4,1,1,1,1,29033,29033,"170,3907274",58066,6,3,fifth (3:2),διὰ πέντε
382,145924,291848,583696,6,-1,-1,-1,-1,29184,29184,"170,833252",58368,8,4,fourth (4:3),διὰ τεσσάρων
383,146689,293378,586756,6,-1,-1,-1,-1,29337,29337,"171,2804717",58674,4,2,octave (2:1),διὰ πασῶν
384,147456,294912,589824,4,1,1,1,1,29492,29492,"171,7323499",58984,4,2,octave (2:1),διὰ πασῶν
385,148225,296450,592900,0,0,0,0,0,29645,29645,"172,1772343",59290,0,0,—,—
386,148996,297992,595984,4,1,1,1,1,29800,29800,"172,626765",59600,0,0,—,—
387,149769,299538,599076,6,-1,-1,-1,-1,29953,29953,"173,0693503",59906,6,3,fifth (3:2),διὰ πέντε
388,150544,301088,602176,6,-1,-1,-1,-1,30108,30108,"173,5165698",60216,6,3,fifth (3:2),διὰ πέντε
389,151321,302642,605284,4,1,1,1,1,30265,30265,"173,9683879",60530,0,0,—,—
390,152100,304200,608400,0,0,0,0,0,30420,30420,"174,4133022",60840,0,0,—,—
391,152881,305762,611524,4,1,1,1,1,30577,30577,"174,8628034",61154,4,2,octave (2:1),διὰ πασῶν
392,153664,307328,614656,6,-1,-1,-1,-1,30732,30732,"175,3054477",61464,4,2,octave (2:1),διὰ πασῶν
393,154449,308898,617796,6,-1,-1,-1,-1,30889,30889,"175,7526671",61778,8,4,fourth (4:3),διὰ τεσσάρων
394,155236,310472,620944,4,1,1,1,1,31048,31048,"176,2044267",62096,6,3,fifth (3:2),διὰ πέντε
395,156025,312050,624100,0,0,0,0,0,31205,31205,"176,6493702",62410,0,0,—,—
396,156816,313632,627264,4,1,1,1,1,31364,31364,"177,0988425",62728,8,4,fourth (4:3),διὰ τεσσάρων
397,157609,315218,630436,6,-1,-1,-1,-1,31521,31521,"177,5415444",63042,2,1,unison (1:1),ὁμώνυμον
398,158404,316808,633616,6,-1,-1,-1,-1,31680,31680,"177,9887637",63360,0,0,—,—
399,159201,318402,636804,4,1,1,1,1,31841,31841,"178,4404663",63682,2,1,unison (1:1),ὁμώνυμον
400,160000,320000,640000,0,0,0,0,0,32000,32000,"178,8854382",64000,0,0,—,—
401,160801,321602,643204,4,1,1,1,1,32161,32161,"179,3348823",64322,2,1,unison (1:1),ὁμώνυμον
402,161604,323208,646416,6,-1,-1,-1,-1,32320,32320,"179,7776404",64640,0,0,—,—
403,162409,324818,649636,6,-1,-1,-1,-1,32481,32481,"180,2248596",64962,2,1,unison (1:1),ὁμώνυμον
404,163216,326432,652864,4,1,1,1,1,32644,32644,"180,6765065",65288,8,4,fourth (4:3),διὰ τεσσάρων
405,164025,328050,656100,0,0,0,0,0,32805,32805,"181,1215062",65610,0,0,—,—
406,164836,329672,659344,4,1,1,1,1,32968,32968,"181,5709228",65936,6,3,fifth (3:2),διὰ πέντε
407,165649,331298,662596,6,-1,-1,-1,-1,33129,33129,"182,0137357",66258,8,4,fourth (4:3),διὰ τεσσάρων
408,166464,332928,665856,6,-1,-1,-1,-1,33292,33292,"182,4609547",66584,4,2,octave (2:1),διὰ πασῶν
409,167281,334562,669124,4,1,1,1,1,33457,33457,"182,9125474",66914,4,2,octave (2:1),διὰ πασῶν
410,168100,336200,672400,0,0,0,0,0,33620,33620,"183,3575742",67240,0,0,—,—
411,168921,337842,675684,4,1,1,1,1,33785,33785,"183,806964",67570,0,0,—,—
412,169744,339488,678976,6,-1,-1,-1,-1,33948,33948,"184,2498304",67896,6,3,fifth (3:2),διὰ πέντε
413,170569,341138,682276,6,-1,-1,-1,-1,34113,34113,"184,6970492",68226,6,3,fifth (3:2),διὰ πέντε
414,171396,342792,685584,4,1,1,1,1,34280,34280,"185,148589",68560,0,0,—,—
415,172225,344450,688900,0,0,0,0,0,34445,34445,"185,5936421",68890,0,0,—,—
416,173056,346112,692224,4,1,1,1,1,34612,34612,"186,0430058",69224,4,2,octave (2:1),διὰ πασῶν
417,173889,347778,695556,6,-1,-1,-1,-1,34777,34777,"186,4859244",69554,4,2,octave (2:1),διὰ πασῶν
418,174724,349448,698896,6,-1,-1,-1,-1,34944,34944,"186,9331431",69888,8,4,fourth (4:3),διὰ τεσσάρων
419,175561,351122,702244,4,1,1,1,1,35113,35113,"187,3846312",70226,6,3,fifth (3:2),διὰ πέντε
420,176400,352800,705600,0,0,0,0,0,35280,35280,"187,8297101",70560,0,0,—,—
421,177241,354482,708964,4,1,1,1,1,35449,35449,"188,2790482",70898,8,4,fourth (4:3),διὰ τεσσάρων
422,178084,356168,712336,6,-1,-1,-1,-1,35616,35616,"188,7220178",71232,2,1,unison (1:1),ὁμώνυμον
423,178929,357858,715716,6,-1,-1,-1,-1,35785,35785,"189,1692364",71570,0,0,—,—
424,179776,359552,719104,4,1,1,1,1,35956,35956,"189,620674",71912,2,1,unison (1:1),ὁμώνυμον
425,180625,361250,722500,0,0,0,0,0,36125,36125,"190,0657781",72250,0,0,—,—
426,181476,362952,725904,4,1,1,1,1,36296,36296,"190,5150913",72592,2,1,unison (1:1),ὁμώνυμον
427,182329,364658,729316,6,-1,-1,-1,-1,36465,36465,"190,9581106",72930,0,0,—,—
428,183184,366368,732736,6,-1,-1,-1,-1,36636,36636,"191,4053291",73272,2,1,unison (1:1),ὁμώνυμον
429,184041,368082,736164,4,1,1,1,1,36809,36809,"191,8567174",73618,8,4,fourth (4:3),διὰ τεσσάρων
430,184900,369800,739600,0,0,0,0,0,36980,36980,"192,3018461",73960,0,0,—,—
431,185761,371522,743044,4,1,1,1,1,37153,37153,"192,7511349",74306,6,3,fifth (3:2),διὰ πέντε
432,186624,373248,746496,6,-1,-1,-1,-1,37324,37324,"193,1942028",74648,8,4,fourth (4:3),διὰ τεσσάρων
433,187489,374978,749956,6,-1,-1,-1,-1,37497,37497,"193,6414212",74994,4,2,octave (2:1),διὰ πασῶν
434,188356,376712,753424,4,1,1,1,1,37672,37672,"194,0927613",75344,4,2,octave (2:1),διὰ πασῶν
435,189225,378450,756900,0,0,0,0,0,37845,37845,"194,537914",75690,0,0,—,—
436,190096,380192,760384,4,1,1,1,1,38020,38020,"194,9871791",76040,0,0,—,—
437,190969,381938,763876,6,-1,-1,-1,-1,38193,38193,"195,4302945",76386,6,3,fifth (3:2),διὰ πέντε
438,191844,383688,767376,6,-1,-1,-1,-1,38368,38368,"195,8775127",76736,6,3,fifth (3:2),διὰ πέντε
439,192721,385442,770884,4,1,1,1,1,38545,38545,"196,3288058",77090,0,0,—,—
440,193600,387200,774400,0,0,0,0,0,38720,38720,"196,773982",77440,0,0,—,—
441,194481,388962,777924,4,1,1,1,1,38897,38897,"197,2232238",77794,4,2,octave (2:1),διὰ πασῶν
442,195364,390728,781456,6,-1,-1,-1,-1,39072,39072,"197,6663856",78144,4,2,octave (2:1),διὰ πασῶν
443,196249,392498,784996,6,-1,-1,-1,-1,39249,39249,"198,1136038",78498,8,4,fourth (4:3),διὰ τεσσάρων
444,197136,394272,788544,4,1,1,1,1,39428,39428,"198,5648509",78856,6,3,fifth (3:2),διὰ πέντε
445,198025,396050,792100,0,0,0,0,0,39605,39605,"199,01005",79210,0,0,—,—
446,198916,397832,795664,4,1,1,1,1,39784,39784,"199,459269",79568,8,4,fourth (4:3),διὰ τεσσάρων
447,199809,399618,799236,6,-1,-1,-1,-1,39961,39961,"199,9024762",79922,2,1,unison (1:1),ὁμώνυμον
448,200704,401408,802816,6,-1,-1,-1,-1,40140,40140,"200,3496943",80280,0,0,—,—
449,201601,403202,806404,4,1,1,1,1,40321,40321,"200,8008964",80642,2,1,unison (1:1),ὁμώνυμον
450,202500,405000,810000,0,0,0,0,0,40500,40500,"201,246118",81000,0,0,—,—
451,203401,406802,813604,4,1,1,1,1,40681,40681,"201,6953148",81362,2,1,unison (1:1),ὁμώνυμον
452,204304,408608,817216,6,-1,-1,-1,-1,40860,40860,"202,1385663",81720,0,0,—,—
453,205209,410418,820836,6,-1,-1,-1,-1,41041,41041,"202,5857843",82082,2,1,unison (1:1),ὁμώνυμον
454,206116,412232,824464,4,1,1,1,1,41224,41224,"203,0369425",82448,8,4,fourth (4:3),διὰ τεσσάρων
455,207025,414050,828100,0,0,0,0,0,41405,41405,"203,482186",82810,0,0,—,—
456,207936,415872,831744,4,1,1,1,1,41588,41588,"203,931361",83176,6,3,fifth (3:2),διὰ πέντε
457,208849,417698,835396,6,-1,-1,-1,-1,41769,41769,"204,374656",83538,8,4,fourth (4:3),διὰ τεσσάρων
458,209764,419528,839056,6,-1,-1,-1,-1,41952,41952,"204,8218738",83904,4,2,octave (2:1),διὰ πασῶν
459,210681,421362,842724,4,1,1,1,1,42137,42137,"205,272989",84274,4,2,octave (2:1),διὰ πασῶν
460,211600,423200,846400,0,0,0,0,0,42320,42320,"205,7182539",84640,0,0,—,—
461,212521,425042,850084,4,1,1,1,1,42505,42505,"206,1674077",85010,0,0,—,—
462,213444,426888,853776,6,-1,-1,-1,-1,42688,42688,"206,6107451",85376,6,3,fifth (3:2),διὰ πέντε
463,214369,428738,857476,6,-1,-1,-1,-1,42873,42873,"207,0579629",85746,6,3,fifth (3:2),διὰ πέντε
464,215296,430592,861184,4,1,1,1,1,43060,43060,"207,5090359",86120,0,0,—,—
465,216225,432450,864900,0,0,0,0,0,43245,43245,"207,9543219",86490,0,0,—,—
466,217156,434312,868624,4,1,1,1,1,43432,43432,"208,4034549",86864,4,2,octave (2:1),διὰ πασῶν
467,218089,436178,872356,6,-1,-1,-1,-1,43617,43617,"208,8468338",87234,4,2,octave (2:1),διὰ πασῶν
468,219024,438048,876096,6,-1,-1,-1,-1,43804,43804,"209,2940515",87608,8,4,fourth (4:3),διὰ τεσσάρων
469,219961,439922,879844,4,1,1,1,1,43993,43993,"209,7450834",87986,6,3,fifth (3:2),διὰ πέντε
470,220900,441800,883600,0,0,0,0,0,44180,44180,"210,1903899",88360,0,0,—,—
471,221841,443682,887364,4,1,1,1,1,44369,44369,"210,6395025",88738,8,4,fourth (4:3),διὰ τεσσάρων
472,222784,445568,891136,6,-1,-1,-1,-1,44556,44556,"211,0829221",89112,2,1,unison (1:1),ὁμώνυμον
473,223729,447458,894916,6,-1,-1,-1,-1,44745,44745,"211,5301397",89490,0,0,—,—
474,224676,449352,898704,4,1,1,1,1,44936,44936,"211,9811312",89872,2,1,unison (1:1),ὁμώνυμον
475,225625,451250,902500,0,0,0,0,0,45125,45125,"212,4264579",90250,0,0,—,—
476,226576,453152,906304,4,1,1,1,1,45316,45316,"212,8755505",90632,2,1,unison (1:1),ὁμώνυμον
477,227529,455058,910116,6,-1,-1,-1,-1,45505,45505,"213,3190099",91010,0,0,—,—
478,228484,456968,913936,6,-1,-1,-1,-1,45696,45696,"213,7662275",91392,2,1,unison (1:1),ὁμώνυμον
479,229441,458882,917764,4,1,1,1,1,45889,45889,"214,2171795",91778,8,4,fourth (4:3),διὰ τεσσάρων
480,230400,460800,921600,0,0,0,0,0,46080,46080,"214,6625258",92160,0,0,—,—
481,231361,462722,925444,4,1,1,1,1,46273,46273,"215,1115989",92546,6,3,fifth (3:2),διὰ πέντε
482,232324,464648,929296,6,-1,-1,-1,-1,46464,46464,"215,5550974",92928,8,4,fourth (4:3),διὰ τεσσάρων
483,233289,466578,933156,6,-1,-1,-1,-1,46657,46657,"216,0023148",93314,4,2,octave (2:1),διὰ πασῶν
484,234256,468512,937024,4,1,1,1,1,46852,46852,"216,4532282",93704,4,2,octave (2:1),διὰ πασῶν
485,235225,470450,940900,0,0,0,0,0,47045,47045,"216,8985938",94090,0,0,—,—
486,236196,472392,944784,4,1,1,1,1,47240,47240,"217,3476478",94480,0,0,—,—
487,237169,474338,948676,6,-1,-1,-1,-1,47433,47433,"217,7911844",94866,6,3,fifth (3:2),διὰ πέντε
488,238144,476288,952576,6,-1,-1,-1,-1,47628,47628,"218,2384018",95256,6,3,fifth (3:2),διὰ πέντε
489,239121,478242,956484,4,1,1,1,1,47825,47825,"218,6892773",95650,0,0,—,—
490,240100,480200,960400,0,0,0,0,0,48020,48020,"219,1346618",96040,0,0,—,—
491,241081,482162,964324,4,1,1,1,1,48217,48217,"219,583697",96434,4,2,octave (2:1),διὰ πασῶν
492,242064,484128,968256,6,-1,-1,-1,-1,48412,48412,"220,027271",96824,4,2,octave (2:1),διὰ πασῶν
493,243049,486098,972196,6,-1,-1,-1,-1,48609,48609,"220,4744883",97218,8,4,fourth (4:3),διὰ τεσσάρων
494,244036,488072,976144,4,1,1,1,1,48808,48808,"220,9253268",97616,6,3,fifth (3:2),διὰ πέντε
495,245025,490050,980100,0,0,0,0,0,49005,49005,"221,3707298",98010,0,0,—,—
496,246016,492032,984064,4,1,1,1,1,49204,49204,"221,8197466",98408,8,4,fourth (4:3),διὰ τεσσάρων
497,247009,494018,988036,6,-1,-1,-1,-1,49401,49401,"222,2633573",98802,2,1,unison (1:1),ὁμώνυμον
498,248004,496008,992016,6,-1,-1,-1,-1,49600,49600,"222,7105745",99200,0,0,—,—
499,249001,498002,996004,4,1,1,1,1,49801,49801,"223,1613766",99602,2,1,unison (1:1),ὁμώνυμον
500,250000,500000,1000000,0,0,0,0,0,50000,50000,"223,6067977",100000,0,0,—,—
501,251001,502002,1004004,4,1,1,1,1,50201,50201,"224,0557966",100402,2,1,unison (1:1),ὁμώνυμον
502,252004,504008,1008016,6,-1,-1,-1,-1,50400,50400,"224,4994432",100800,0,0,—,—
503,253009,506018,1012036,6,-1,-1,-1,-1,50601,50601,"224,9466603",101202,2,1,unison (1:1),ὁμώνυμον
504,254016,508032,1016064,4,1,1,1,1,50804,50804,"225,3974268",101608,8,4,fourth (4:3),διὰ τεσσάρων
505,255025,510050,1020100,0,0,0,0,0,51005,51005,"225,8428657",102010,0,0,—,—
506,256036,512072,1024144,4,1,1,1,1,51208,51208,"226,291847",102416,6,3,fifth (3:2),διὰ πέντε
507,257049,514098,1028196,6,-1,-1,-1,-1,51409,51409,"226,7355288",102818,8,4,fourth (4:3),διὰ τεσσάρων
508,258064,516128,1032256,6,-1,-1,-1,-1,51612,51612,"227,1827458",103224,4,2,octave (2:1),διὰ πασῶν
509,259081,518162,1036324,4,1,1,1,1,51817,51817,"227,6334773",103634,4,2,octave (2:1),διὰ πασῶν
510,260100,520200,1040400,0,0,0,0,0,52020,52020,"228,0789337",104040,0,0,—,—
511,261121,522242,1044484,4,1,1,1,1,52225,52225,"228,5278976",104450,0,0,—,—
512,262144,524288,1048576,6,-1,-1,-1,-1,52428,52428,"228,971614",104856,6,3,fifth (3:2),διὰ πέντε
513,263169,526338,1052676,6,-1,-1,-1,-1,52633,52633,"229,418831",105266,6,3,fifth (3:2),διὰ πέντε
514,264196,528392,1056784,4,1,1,1,1,52840,52840,"229,8695282",105680,0,0,—,—
515,265225,530450,1060900,0,0,0,0,0,53045,53045,"230,3150017",106090,0,0,—,—
516,266256,532512,1065024,4,1,1,1,1,53252,53252,"230,7639487",106504,4,2,octave (2:1),διὰ πασῶν
517,267289,534578,1069156,6,-1,-1,-1,-1,53457,53457,"231,2076988",106914,4,2,octave (2:1),διὰ πασῶν
518,268324,536648,1073296,6,-1,-1,-1,-1,53664,53664,"231,6549158",107328,8,4,fourth (4:3),διὰ τεσσάρων
519,269361,538722,1077444,4,1,1,1,1,53873,53873,"232,1055794",107746,6,3,fifth (3:2),διὰ πέντε
520,270400,540800,1081600,0,0,0,0,0,54080,54080,"232,5510697",108160,0,0,—,—
521,271441,542882,1085764,4,1,1,1,1,54289,54289,233,108578,8,4,fourth (4:3),διὰ τεσσάρων
522,272484,544968,1089936,6,-1,-1,-1,-1,54496,54496,"233,4437834",108992,2,1,unison (1:1),ὁμώνυμον
523,273529,547058,1094116,6,-1,-1,-1,-1,54705,54705,"233,8910003",109410,0,0,—,—
524,274576,549152,1098304,4,1,1,1,1,54916,54916,"234,341631",109832,2,1,unison (1:1),ὁμώνυμον
525,275625,551250,1102500,0,0,0,0,0,55125,55125,"234,7871376",110250,0,0,—,—
526,276676,553352,1106704,4,1,1,1,1,55336,55336,"235,2360517",110672,2,1,unison (1:1),ὁμώνυμον
527,277729,555458,1110916,6,-1,-1,-1,-1,55545,55545,"235,6798676",111090,0,0,—,—
528,278784,557568,1115136,6,-1,-1,-1,-1,55756,55756,"236,1270844",111512,2,1,unison (1:1),ὁμώνυμον
529,279841,559682,1119364,4,1,1,1,1,55969,55969,"236,5776828",111938,8,4,fourth (4:3),διὰ τεσσάρων
530,280900,561800,1123600,0,0,0,0,0,56180,56180,"237,0232056",112360,0,0,—,—
531,281961,563922,1127844,4,1,1,1,1,56393,56393,"237,4721036",112786,6,3,fifth (3:2),διὰ πέντε
532,283024,566048,1132096,6,-1,-1,-1,-1,56604,56604,"237,9159515",113208,8,4,fourth (4:3),διὰ τεσσάρων
533,284089,568178,1136356,6,-1,-1,-1,-1,56817,56817,"238,3631683",113634,4,2,octave (2:1),διὰ πασῶν
534,285156,570312,1140624,4,1,1,1,1,57032,57032,"238,8137349",114064,4,2,octave (2:1),διὰ πασῶν
535,286225,572450,1144900,0,0,0,0,0,57245,57245,"239,2592736",114490,0,0,—,—
536,287296,574592,1149184,4,1,1,1,1,57460,57460,"239,7081559",114920,0,0,—,—
537,288369,576738,1153476,6,-1,-1,-1,-1,57673,57673,"240,1520352",115346,6,3,fifth (3:2),διὰ πέντε
538,289444,578888,1157776,6,-1,-1,-1,-1,57888,57888,"240,5992519",115776,6,3,fifth (3:2),διὰ πέντε
539,290521,581042,1162084,4,1,1,1,1,58105,58105,"241,0497874",116210,0,0,—,—
540,291600,583200,1166400,0,0,0,0,0,58320,58320,"241,4953416",116640,0,0,—,—
541,292681,585362,1170724,4,1,1,1,1,58537,58537,"241,9442084",117074,4,2,octave (2:1),διὰ πασῶν
542,293764,587528,1175056,6,-1,-1,-1,-1,58752,58752,"242,3881185",117504,4,2,octave (2:1),διὰ πασῶν
543,294849,589698,1179396,6,-1,-1,-1,-1,58969,58969,"242,8353352",117938,8,4,fourth (4:3),διὰ τεσσάρων
544,295936,591872,1183744,4,1,1,1,1,59188,59188,"243,2858401",118376,6,3,fifth (3:2),διὰ πέντε
545,297025,594050,1188100,0,0,0,0,0,59405,59405,"243,7314095",118810,0,0,—,—
546,298116,596232,1192464,4,1,1,1,1,59624,59624,"244,1802613",119248,8,4,fourth (4:3),διὰ τεσσάρων
547,299209,598418,1196836,6,-1,-1,-1,-1,59841,59841,"244,6242016",119682,2,1,unison (1:1),ὁμώνυμον
548,300304,600608,1201216,6,-1,-1,-1,-1,60060,60060,"245,0714182",120120,0,0,—,—
549,301401,602802,1205604,4,1,1,1,1,60281,60281,"245,5218931",120562,2,1,unison (1:1),ὁμώνυμον
550,302500,605000,1210000,0,0,0,0,0,60500,60500,"245,9674775",121000,0,0,—,—
551,303601,607202,1214404,4,1,1,1,1,60721,60721,"246,4163144",121442,2,1,unison (1:1),ὁμώνυμον
552,304704,609408,1218816,6,-1,-1,-1,-1,60940,60940,"246,8602844",121880,0,0,—,—
553,305809,611618,1223236,6,-1,-1,-1,-1,61161,61161,"247,3075009",122322,2,1,unison (1:1),ὁμώνυμον
554,306916,613832,1227664,4,1,1,1,1,61384,61384,"247,7579464",122768,8,4,fourth (4:3),διὰ τεσσάρων
555,308025,616050,1232100,0,0,0,0,0,61605,61605,"248,2035455",123210,0,0,—,—
556,309136,618272,1236544,4,1,1,1,1,61828,61828,"248,6523678",123656,6,3,fifth (3:2),διὰ πέντε
557,310249,620498,1240996,6,-1,-1,-1,-1,62049,62049,"249,0963669",124098,8,4,fourth (4:3),διὰ τεσσάρων
558,311364,622728,1245456,6,-1,-1,-1,-1,62272,62272,"249,5435834",124544,4,2,octave (2:1),διὰ πασῶν
559,312481,624962,1249924,4,1,1,1,1,62497,62497,"249,9939999",124994,4,2,octave (2:1),διὰ πασῶν
560,313600,627200,1254400,0,0,0,0,0,62720,62720,"250,4396135",125440,0,0,—,—
561,314721,629442,1258884,4,1,1,1,1,62945,62945,"250,8884214",125890,0,0,—,—
562,315844,631688,1263376,6,-1,-1,-1,-1,63168,63168,"251,3324492",126336,6,3,fifth (3:2),διὰ πέντε
563,316969,633938,1267876,6,-1,-1,-1,-1,63393,63393,"251,7796656",126786,6,3,fifth (3:2),διὰ πέντε
564,318096,636192,1272384,4,1,1,1,1,63620,63620,"252,2300537",127240,0,0,—,—
565,319225,638450,1276900,0,0,0,0,0,63845,63845,"252,6756815",127690,0,0,—,—
566,320356,640712,1281424,4,1,1,1,1,64072,64072,"253,1244753",128144,4,2,octave (2:1),διὰ πασῶν
567,321489,642978,1285956,6,-1,-1,-1,-1,64297,64297,"253,5685312",128594,4,2,octave (2:1),διὰ πασῶν
568,322624,645248,1290496,6,-1,-1,-1,-1,64524,64524,"254,0157475",129048,8,4,fourth (4:3),διὰ τεσσάρων
569,323761,647522,1295044,4,1,1,1,1,64753,64753,"254,4661078",129506,6,3,fifth (3:2),διὰ πέντε
570,324900,649800,1299600,0,0,0,0,0,64980,64980,"254,9117494",129960,0,0,—,—
571,326041,652082,1304164,4,1,1,1,1,65209,65209,"255,3605294",130418,8,4,fourth (4:3),διὰ τεσσάρων
572,327184,654368,1308736,6,-1,-1,-1,-1,65436,65436,"255,8046129",130872,2,1,unison (1:1),ὁμώνυμον
573,328329,656658,1313316,6,-1,-1,-1,-1,65665,65665,"256,2518293",131330,0,0,—,—
574,329476,658952,1317904,4,1,1,1,1,65896,65896,"256,702162",131792,2,1,unison (1:1),ὁμώνυμον
575,330625,661250,1322500,0,0,0,0,0,66125,66125,"257,1478174",132250,0,0,—,—
576,331776,663552,1327104,4,1,1,1,1,66356,66356,"257,5965838",132712,2,1,unison (1:1),ὁμώνυμον
577,332929,665858,1331716,6,-1,-1,-1,-1,66585,66585,"258,0406945",133170,0,0,—,—
578,334084,668168,1336336,6,-1,-1,-1,-1,66816,66816,"258,4879107",133632,2,1,unison (1:1),ὁμώνυμον
579,335241,670482,1340964,4,1,1,1,1,67049,67049,"258,9382166",134098,8,4,fourth (4:3),διὰ τεσσάρων
580,336400,672800,1345600,0,0,0,0,0,67280,67280,"259,3838854",134560,0,0,—,—
581,337561,675122,1350244,4,1,1,1,1,67513,67513,"259,8326384",135026,6,3,fifth (3:2),διὰ πέντε
582,338724,677448,1354896,6,-1,-1,-1,-1,67744,67744,"260,2767758",135488,8,4,fourth (4:3),διὰ τεσσάρων
583,339889,679778,1359556,6,-1,-1,-1,-1,67977,67977,"260,723992",135954,4,2,octave (2:1),διὰ πασῶν
584,341056,682112,1364224,4,1,1,1,1,68212,68212,"261,1742713",136424,4,2,octave (2:1),διὰ πασῶν
585,342225,684450,1368900,0,0,0,0,0,68445,68445,"261,6199534",136890,0,0,—,—
586,343396,686792,1373584,4,1,1,1,1,68680,68680,"262,0686933",137360,0,0,—,—
587,344569,689138,1378276,6,-1,-1,-1,-1,68913,68913,"262,5128568",137826,6,3,fifth (3:2),διὰ πέντε
588,345744,691488,1382976,6,-1,-1,-1,-1,69148,69148,"262,960073",138296,6,3,fifth (3:2),διὰ πέντε
589,346921,693842,1387684,4,1,1,1,1,69385,69385,"263,4103263",138770,0,0,—,—
590,348100,696200,1392400,0,0,0,0,0,69620,69620,"263,8560213",139240,0,0,—,—
591,349281,698562,1397124,4,1,1,1,1,69857,69857,"264,3047483",139714,4,2,octave (2:1),διὰ πασῶν
592,350464,700928,1401856,6,-1,-1,-1,-1,70092,70092,"264,7489377",140184,4,2,octave (2:1),διὰ πασῶν
593,351649,703298,1406596,6,-1,-1,-1,-1,70329,70329,"265,1961538",140658,8,4,fourth (4:3),διὰ τεσσάρων
594,352836,705672,1411344,4,1,1,1,1,70568,70568,"265,6463815",141136,6,3,fifth (3:2),διὰ πέντε
595,354025,708050,1416100,0,0,0,0,0,70805,70805,"266,0920893",141610,0,0,—,—
596,355216,710432,1420864,4,1,1,1,1,71044,71044,"266,5408036",142088,8,4,fourth (4:3),διὰ τεσσάρων
597,356409,712818,1425636,6,-1,-1,-1,-1,71281,71281,"266,9850183",142562,2,1,unison (1:1),ὁμώνυμον
598,357604,715208,1430416,6,-1,-1,-1,-1,71520,71520,"267,4322344",143040,0,0,—,—
599,358801,717602,1435204,4,1,1,1,1,71761,71761,"267,8824369",143522,2,1,unison (1:1),ὁμώνυμον
600,360000,720000,1440000,0,0,0,0,0,72000,72000,"268,3281573",144000,0,0,—,—
601,361201,722402,1444804,4,1,1,1,1,72241,72241,"268,7768591",144482,2,1,unison (1:1),ὁμώνυμον
602,362404,724808,1449616,6,-1,-1,-1,-1,72480,72480,"269,2210987",144960,0,0,—,—
603,363609,727218,1454436,6,-1,-1,-1,-1,72721,72721,"269,6683148",145442,2,1,unison (1:1),ὁμώνυμον
604,364816,729632,1459264,4,1,1,1,1,72964,72964,"270,1184925",145928,8,4,fourth (4:3),διὰ τεσσάρων
605,366025,732050,1464100,0,0,0,0,0,73205,73205,"270,5642253",146410,0,0,—,—
606,367236,734472,1468944,4,1,1,1,1,73448,73448,"271,0129148",146896,6,3,fifth (3:2),διὰ πέντε
607,368449,736898,1473796,6,-1,-1,-1,-1,73689,73689,"271,4571789",147378,8,4,fourth (4:3),διὰ τεσσάρων
608,369664,739328,1478656,6,-1,-1,-1,-1,73932,73932,"271,904395",147864,4,2,octave (2:1),διὰ πασῶν
609,370881,741762,1483524,4,1,1,1,1,74177,74177,"272,3545483",148354,4,2,octave (2:1),διὰ πασῶν
610,372100,744200,1488400,0,0,0,0,0,74420,74420,"272,8002933",148840,0,0,—,—
611,373321,746642,1493284,4,1,1,1,1,74665,74665,"273,2489707",149330,0,0,—,—
612,374544,749088,1498176,6,-1,-1,-1,-1,74908,74908,"273,693259",149816,6,3,fifth (3:2),διὰ πέντε
613,375769,751538,1503076,6,-1,-1,-1,-1,75153,75153,"274,1404749",150306,6,3,fifth (3:2),διὰ πέντε
614,376996,753992,1507984,4,1,1,1,1,75400,75400,"274,5906044",150800,0,0,—,—
615,378225,756450,1512900,0,0,0,0,0,75645,75645,"275,0363612",151290,0,0,—,—
616,379456,758912,1517824,4,1,1,1,1,75892,75892,"275,4850268",151784,4,2,octave (2:1),διὰ πασῶν
617,380689,761378,1522756,6,-1,-1,-1,-1,76137,76137,"275,9293388",152274,4,2,octave (2:1),διὰ πασῶν
618,381924,763848,1527696,6,-1,-1,-1,-1,76384,76384,"276,3765547",152768,8,4,fourth (4:3),διὰ τεσσάρων
619,383161,766322,1532644,4,1,1,1,1,76633,76633,"276,8266606",153266,6,3,fifth (3:2),διὰ πέντε
620,384400,768800,1537600,0,0,0,0,0,76880,76880,"277,2724292",153760,0,0,—,—
621,385641,771282,1542564,4,1,1,1,1,77129,77129,"277,7210831",154258,8,4,fourth (4:3),διὰ τεσσάρων
622,386884,773768,1547536,6,-1,-1,-1,-1,77376,77376,"278,1654184",154752,2,1,unison (1:1),ὁμώνυμον
623,388129,776258,1552516,6,-1,-1,-1,-1,77625,77625,"278,6126343",155250,0,0,—,—
624,389376,778752,1557504,4,1,1,1,1,77876,77876,"279,062717",155752,2,1,unison (1:1),ὁμώνυμον
625,390625,781250,1562500,0,0,0,0,0,78125,78125,"279,5084972",156250,0,0,—,—
626,391876,783752,1567504,4,1,1,1,1,78376,78376,"279,9571396",156752,2,1,unison (1:1),ὁμώνυμον
627,393129,786258,1572516,6,-1,-1,-1,-1,78625,78625,"280,4014979",157250,0,0,—,—
628,394384,788768,1577536,6,-1,-1,-1,-1,78876,78876,"280,8487137",157752,2,1,unison (1:1),ὁμώνυμον
629,395641,791282,1582564,4,1,1,1,1,79129,79129,"281,2987735",158258,8,4,fourth (4:3),διὰ τεσσάρων
630,396900,793800,1587600,0,0,0,0,0,79380,79380,"281,7445652",158760,0,0,—,—
631,398161,796322,1592644,4,1,1,1,1,79633,79633,"282,1931962",159266,6,3,fifth (3:2),διὰ πέντε
632,399424,798848,1597696,6,-1,-1,-1,-1,79884,79884,"282,6375771",159768,8,4,fourth (4:3),διὰ τεσσάρων
633,400689,801378,1602756,6,-1,-1,-1,-1,80137,80137,"283,084793",160274,4,2,octave (2:1),διὰ πασῶν
634,401956,803912,1607824,4,1,1,1,1,80392,80392,"283,5348303",160784,4,2,octave (2:1),διὰ πασῶν
635,403225,806450,1612900,0,0,0,0,0,80645,80645,"283,9806331",161290,0,0,—,—
636,404496,808992,1617984,4,1,1,1,1,80900,80900,"284,4292531",161800,0,0,—,—
637,405769,811538,1623076,6,-1,-1,-1,-1,81153,81153,"284,8736562",162306,6,3,fifth (3:2),διὰ πέντε
638,407044,814088,1628176,6,-1,-1,-1,-1,81408,81408,"285,320872",162816,6,3,fifth (3:2),διὰ πέντε
639,408321,816642,1633284,4,1,1,1,1,81665,81665,"285,7708873",163330,0,0,—,—
640,409600,819200,1638400,0,0,0,0,0,81920,81920,"286,2167011",163840,0,0,—,—
641,410881,821762,1643524,4,1,1,1,1,82177,82177,"286,6653101",164354,4,2,octave (2:1),διὰ πασῶν
642,412164,824328,1648656,6,-1,-1,-1,-1,82432,82432,"287,1097351",164864,4,2,octave (2:1),διὰ πασῶν
643,413449,826898,1653796,6,-1,-1,-1,-1,82689,82689,"287,5569509",165378,8,4,fourth (4:3),διὰ τεσσάρων
644,414736,829472,1658944,4,1,1,1,1,82948,82948,"288,0069444",165896,6,3,fifth (3:2),διὰ πέντε
645,416025,832050,1664100,0,0,0,0,0,83205,83205,"288,4527691",166410,0,0,—,—
646,417316,834632,1669264,4,1,1,1,1,83464,83464,"288,9013673",166928,8,4,fourth (4:3),διὰ τεσσάρων
647,418609,837218,1674436,6,-1,-1,-1,-1,83721,83721,"289,3458139",167442,2,1,unison (1:1),ὁμώνυμον
648,419904,839808,1679616,6,-1,-1,-1,-1,83980,83980,"289,7930296",167960,0,0,—,—
649,421201,842402,1684804,4,1,1,1,1,84241,84241,"290,2430016",168482,2,1,unison (1:1),ὁμώνυμον
650,422500,845000,1690000,0,0,0,0,0,84500,84500,"290,6888371",169000,0,0,—,—
651,423801,847602,1695204,4,1,1,1,1,84761,84761,"291,1374246",169522,2,1,unison (1:1),ὁμώνυμον
652,425104,850208,1700416,6,-1,-1,-1,-1,85020,85020,"291,5818924",170040,0,0,—,—
653,426409,852818,1705636,6,-1,-1,-1,-1,85281,85281,"292,0291081",170562,2,1,unison (1:1),ὁμώνυμον
654,427716,855432,1710864,4,1,1,1,1,85544,85544,"292,4790591",171088,8,4,fourth (4:3),διὰ τεσσάρων
655,429025,858050,1716100,0,0,0,0,0,85805,85805,"292,9249051",171610,0,0,—,—
656,430336,860672,1721344,4,1,1,1,1,86068,86068,"293,3734821",172136,6,3,fifth (3:2),διὰ πέντε
657,431649,863298,1726596,6,-1,-1,-1,-1,86329,86329,"293,8179709",172658,8,4,fourth (4:3),διὰ τεσσάρων
658,432964,865928,1731856,6,-1,-1,-1,-1,86592,86592,"294,2651865",173184,4,2,octave (2:1),διὰ πασῶν
659,434281,868562,1737124,4,1,1,1,1,86857,86857,"294,7151167",173714,4,2,octave (2:1),διὰ πασῶν
660,435600,871200,1742400,0,0,0,0,0,87120,87120,"295,160973",174240,0,0,—,—
661,436921,873842,1747684,4,1,1,1,1,87385,87385,"295,6095398",174770,0,0,—,—
662,438244,876488,1752976,6,-1,-1,-1,-1,87648,87648,"296,0540491",175296,6,3,fifth (3:2),διὰ πέντε
663,439569,879138,1758276,6,-1,-1,-1,-1,87913,87913,"296,5012648",175826,6,3,fifth (3:2),διὰ πέντε
664,440896,881792,1763584,4,1,1,1,1,88180,88180,"296,9511744",176360,0,0,—,—
665,442225,884450,1768900,0,0,0,0,0,88445,88445,"297,397041",176890,0,0,—,—
666,443556,887112,1774224,4,1,1,1,1,88712,88712,"297,8455976",177424,4,2,octave (2:1),διὰ πασῶν
667,444889,889778,1779556,6,-1,-1,-1,-1,88977,88977,"298,2901272",177954,4,2,octave (2:1),διὰ πασῶν
668,446224,892448,1784896,6,-1,-1,-1,-1,89244,89244,"298,7373428",178488,8,4,fourth (4:3),διὰ τεσσάρων
669,447561,895122,1790244,4,1,1,1,1,89513,89513,"299,1872323",179026,6,3,fifth (3:2),διὰ πέντε
670,448900,897800,1795600,0,0,0,0,0,89780,89780,"299,633109",179560,0,0,—,—
671,450241,900482,1800964,4,1,1,1,1,90049,90049,"300,0816556",180098,8,4,fourth (4:3),διὰ τεσσάρων
672,451584,903168,1806336,6,-1,-1,-1,-1,90316,90316,"300,5262052",180632,2,1,unison (1:1),ὁμώνυμον
673,452929,905858,1811716,6,-1,-1,-1,-1,90585,90585,"300,9734208",181170,0,0,—,—
674,454276,908552,1817104,4,1,1,1,1,90856,90856,"301,4232904",181712,2,1,unison (1:1),ὁμώνυμον
675,455625,911250,1822500,0,0,0,0,0,91125,91125,"301,869177",182250,0,0,—,—
676,456976,913952,1827904,4,1,1,1,1,91396,91396,"302,3177137",182792,2,1,unison (1:1),ὁμώνυμον
677,458329,916658,1833316,6,-1,-1,-1,-1,91665,91665,"302,762283",183330,0,0,—,—
678,459684,919368,1838736,6,-1,-1,-1,-1,91936,91936,"303,2094985",183872,2,1,unison (1:1),ὁμώνυμον
679,461041,922082,1844164,4,1,1,1,1,92209,92209,"303,6593486",184418,8,4,fourth (4:3),διὰ τεσσάρων
680,462400,924800,1849600,0,0,0,0,0,92480,92480,"304,1052449",184960,0,0,—,—
681,463761,927522,1855044,4,1,1,1,1,92753,92753,"304,5537719",185506,6,3,fifth (3:2),διὰ πέντε
682,465124,930248,1860496,6,-1,-1,-1,-1,93024,93024,"304,9983607",186048,8,4,fourth (4:3),διὰ τεσσάρων
683,466489,932978,1865956,6,-1,-1,-1,-1,93297,93297,"305,4455762",186594,4,2,octave (2:1),διὰ πασῶν
684,467856,935712,1871424,4,1,1,1,1,93572,93572,"305,895407",187144,4,2,octave (2:1),διὰ πασῶν
685,469225,938450,1876900,0,0,0,0,0,93845,93845,"306,3413129",187690,0,0,—,—
686,470596,941192,1882384,4,1,1,1,1,94120,94120,"306,7898303",188240,0,0,—,—
687,471969,943938,1887876,6,-1,-1,-1,-1,94393,94393,"307,2344382",188786,6,3,fifth (3:2),διὰ πέντε
688,473344,946688,1893376,6,-1,-1,-1,-1,94668,94668,"307,6816537",189336,6,3,fifth (3:2),διὰ πέντε
689,474721,949442,1898884,4,1,1,1,1,94945,94945,"308,1314654",189890,0,0,—,—
690,476100,952200,1904400,0,0,0,0,0,95220,95220,"308,5773809",190440,0,0,—,—
691,477481,954962,1909924,4,1,1,1,1,95497,95497,"309,0258889",190994,4,2,octave (2:1),διὰ πασῶν
692,478864,957728,1915456,6,-1,-1,-1,-1,95772,95772,"309,4705156",191544,4,2,octave (2:1),διὰ πασῶν
693,480249,960498,1920996,6,-1,-1,-1,-1,96049,96049,"309,917731",192098,8,4,fourth (4:3),διὰ τεσσάρων
694,481636,963272,1926544,4,1,1,1,1,96328,96328,"310,3675241",192656,6,3,fifth (3:2),διὰ πέντε
695,483025,966050,1932100,0,0,0,0,0,96605,96605,"310,8134489",193210,0,0,—,—
696,484416,968832,1937664,4,1,1,1,1,96884,96884,"311,2619476",193768,8,4,fourth (4:3),διὰ τεσσάρων
697,485809,971618,1943236,6,-1,-1,-1,-1,97161,97161,"311,7065928",194322,2,1,unison (1:1),ὁμώνυμον
698,487204,974408,1948816,6,-1,-1,-1,-1,97440,97440,"312,1538082",194880,0,0,—,—
699,488601,977202,1954404,4,1,1,1,1,97721,97721,"312,6035828",195442,2,1,unison (1:1),ὁμώνυμον
700,490000,980000,1960000,0,0,0,0,0,98000,98000,"313,0495168",196000,0,0,—,—
701,491401,982802,1965604,4,1,1,1,1,98281,98281,"313,4980064",196562,2,1,unison (1:1),ὁμώνυμον
702,492804,985608,1971216,6,-1,-1,-1,-1,98560,98560,"313,9426699",197120,0,0,—,—
703,494209,988418,1976836,6,-1,-1,-1,-1,98841,98841,"314,3898853",197682,2,1,unison (1:1),ὁμώνυμον
704,495616,991232,1982464,4,1,1,1,1,99124,99124,"314,8396417",198248,8,4,fourth (4:3),διὰ τεσσάρων
,,,,,,,,,,,,0,0,0,—,—
,,,,,,,,,,,,0,0,0,,