n,Pentametric Square Areas,(n+1)^2/5,DecimalPart *10,-((DecimalPart*10)^2)/12 + (17*(DecimalPart*10)/30,Pmetric Formula with cosine  & Pi (radians),Pmetric Formula with cosine  & Pi (degrees),,2*PI()*n/5,< Degrees,< MoD 360,4*PI()*n/5,<Mod 360,,PI /10 =,"0,3141592653589790",,
0,0,"0,2",2,"0,8",0,0,,0,0,0,0,0,,(2PI/5)/4 = ,"0,3141592653589790",,
1,1,"0,8",8,"-0,8",1,1,,"1,256637061",72,72,144,144,,2PI/ 5 = ,"1,256637061435920",,
2,0,"1,8",8,"-0,8",0,0,,"2,513274123",144,144,288,288,,(PI/10)*4 = ,"1,256637061435920",,
3,1,"3,2",2,"0,8",1,1,,"3,769911184",216,216,432,72,,,,,
4,4,5,0,0,4,4,,"5,026548246",288,288,576,216,,,,,
5,5,"7,2",2,"0,8",5,5,,"6,283185307",360,0,720,0,,"Area of a circle R=n*SQRT(0,1)",Area of a circle R=Pentametric Square Side /2,B - A,B - A
6,8,"9,8",8,"-0,8",8,8,,"7,539822369",432,72,864,144,,A,B,(int),(Decimal)
7,9,"12,8",8,"-0,8",9,9,,"8,79645943",504,144,1008,288,,,,,
8,12,"16,2",2,"0,8",12,12,,"10,05309649",576,216,1152,72,,"0,3141592653589790","1,5707963267949",1,"1,25663706143592000000000000"
9,17,20,0,0,17,17,,"11,30973355",648,288,1296,216,,"1,2566370614359200","0,0000000000000",-1,"-1,25663706143592000000000000"
10,20,"24,2",2,"0,8",20,20,,"12,56637061",720,0,1440,0,,"2,8274333882308100","1,5707963267949",-1,"-1,25663706143592000000000000"
11,25,"28,8",8,"-0,8",25,25,,"13,82300768",792,72,1584,144,,"5,0265482457436700","6,2831853071796",1,"1,25663706143592000000000000"
12,28,"33,8",8,"-0,8",28,28,,"15,07964474",864,144,1728,288,,"7,8539816339744900","7,8539816339745",0,"0,00000000000000000000000000"
13,33,"39,2",2,"0,8",33,33,,"16,3362818",936,216,1872,72,,"11,3097335529233000","12,5663706143592",1,"1,25663706143592000000000000"
14,40,45,0,0,40,40,,"17,59291886",1008,288,2016,216,,"15,3938040025900000","14,1371669411541",-1,"-1,25663706143592000000000000"
15,45,"51,2",2,"0,8",45,45,,"18,84955592",1080,0,2160,0,,"20,1061929829747000","18,8495559215388",-1,"-1,25663706143592000000000000"
16,52,"57,8",8,"-0,8",52,52,,"20,10619298",1152,72,2304,144,,"25,4469004940773000","26,7035375555132",1,"1,25663706143591000000000000"
17,57,"64,8",8,"-0,8",57,57,,"21,36283004",1224,144,2448,288,,"31,4159265358979000","31,4159265358979",0,"0,00000000000000000000000000"
18,64,"72,2",2,"0,8",64,64,,"22,61946711",1296,216,2592,72,,"38,0132711084365000","39,2699081698724",1,"1,25663706143592000000000000"
19,73,80,0,0,73,73,,"23,87610417",1368,288,2736,216,,"45,2389342116930000","43,9822971502571",-1,"-1,25663706143590000000000000"
20,80,"88,2",2,"0,8",80,80,,"25,13274123",1440,0,2880,0,,"53,0929158456675000","51,8362787842316",-1,"-1,25663706143591000000000000"
21,89,"96,8",8,"-0,8",89,89,,"26,38937829",1512,72,3024,144,,"61,5752160103600000","62,8318530717959",1,"1,25663706143592000000000000"
22,96,"105,8",8,"-0,8",96,96,,"27,64601535",1584,144,3168,288,,"70,6858347057704000","70,6858347057704",0,"0,00000000000001421085471520"
23,105,"115,2",2,"0,8",105,105,,"28,90265241",1656,216,3312,72,,"80,4247719318987000","81,6814089933346",1,"1,25663706143591000000000000"
24,116,125,0,0,116,116,,"30,15928947",1728,288,3456,216,,"90,7920276887450000","89,5353906273091",-1,"-1,25663706143592000000000000"
25,125,"135,2",2,"0,8",125,125,,"31,41592654",1800,0,3600,0,,"101,7876019763090000","100,5309649148730",-1,"-1,25663706143594000000000000"
26,136,"145,8",8,"-0,8",136,136,,"32,6725636",1872,72,3744,144,,"113,4114947945920000","114,6681318560270",1,"1,25663706143590000000000000"
27,145,"156,8",8,"-0,8",145,145,,"33,92920066",1944,144,3888,288,,"125,6637061435920000","125,6637061435920",0,"0,00000000000000000000000000"
28,156,"168,2",2,"0,8",156,156,,"35,18583772",2016,216,4032,72,,"138,5442360233100000","139,8008730847460",1,"1,25663706143587000000000000"
29,169,180,0,0,169,169,,"36,44247478",2088,288,4176,216,,"152,0530844337460000","150,7964473723100",-1,"-1,25663706143590000000000000"
30,180,"192,2",2,"0,8",180,180,,"37,69911184",2160,0,4320,0,,"166,1902513749000000","164,9336143134640",-1,"-1,25663706143595000000000000"
31,193,"204,8",8,"-0,8",193,193,,"38,9557489",2232,72,4464,144,,"180,9557368467720000","182,2123739082080",1,"1,25663706143592000000000000"
32,204,"217,8",8,"-0,8",204,204,,"40,21238597",2304,144,4608,288,,"196,3495408493620000","196,3495408493620",0,"0,00000000000002842170943040"
33,217,"231,2",2,"0,8",217,217,,"41,46902303",2376,216,4752,72,,"212,3716633826700000","213,6283004441060",1,"1,25663706143595000000000000"
34,232,245,0,0,232,232,,"42,72566009",2448,288,4896,216,,"229,0221044466960000","227,7654673852600",-1,"-1,25663706143598000000000000"
35,245,"259,2",2,"0,8",245,245,,"43,98229715",2520,0,5040,0,,"246,3008640414400000","245,0442269800040",-1,"-1,25663706143595000000000000"
36,260,"273,8",8,"-0,8",260,260,,"45,23893421",2592,72,5184,144,,"264,2079421669020000","265,4645792283380",1,"1,25663706143587000000000000"
37,273,"288,8",8,"-0,8",273,273,,"46,49557127",2664,144,5328,288,,"282,7433388230810000","282,7433388230810",0,"0,00000000000005684341886081"
38,288,"304,2",2,"0,8",288,288,,"47,75220833",2736,216,5472,72,,"301,9070540099790000","303,1636910714150",1,"1,25663706143581000000000000"
39,305,320,0,0,305,305,,"49,0088454",2808,288,5616,216,,"321,6990877275950000","320,4424506661590",-1,"-1,25663706143587000000000000"
40,320,"336,2",2,"0,8",320,320,,"50,26548246",2880,0,5760,0,,"342,1194399759280000","340,8628029144930",-1,"-1,25663706143592000000000000"
41,337,"352,8",8,"-0,8",337,337,,"51,52211952",2952,72,5904,144,,"363,1681107549800000","364,4247478164160",1,"1,25663706143598000000000000"
42,352,"369,8",8,"-0,8",352,352,,"52,77875658",3024,144,6048,288,,"384,8451000647500000","384,8451000647500",0,"0,00000000000011368683772162"
43,369,"387,2",2,"0,8",369,369,,"54,03539364",3096,216,6192,72,,"407,1504079052370000","408,4070449666730",1,"1,25663706143575000000000000"
44,388,405,0,0,388,388,,"55,2920307",3168,288,6336,216,,"430,0840342764430000","428,8273972150070",-1,"-1,25663706143604000000000000"
45,405,"423,2",2,"0,8",405,405,,"56,54866776",3240,0,6480,0,,"453,6459791783660000","452,3893421169300",-1,"-1,25663706143604000000000000"
46,424,"441,8",8,"-0,8",424,424,,"57,80530483",3312,72,6624,144,,"477,8362426110080000","479,0928796724430",1,"1,25663706143587000000000000"
47,441,"460,8",8,"-0,8",441,441,,"59,06194189",3384,144,6768,288,,"502,6548245743670000","502,6548245743670",0,"0,00000000000000000000000000"
48,460,"480,2",2,"0,8",460,460,,"60,31857895",3456,216,6912,72,,"528,1017250684440000","529,3583621298800",1,"1,25663706143587000000000000"
49,481,500,0,0,481,481,,"61,57521601",3528,288,7056,216,,"554,1769440932400000","552,9203070318040",-1,"-1,25663706143609000000000000"
50,500,"520,2",2,"0,8",500,500,,"62,83185307",3600,0,7200,0,,"580,8804816487530000","579,6238445873170",-1,"-1,25663706143587000000000000"
51,521,"540,8",8,"-0,8",521,521,,"64,08849013",3672,72,7344,144,,"608,2123377349840000","609,4689747964200",1,"1,25663706143575000000000000"
52,540,"561,8",8,"-0,8",540,540,,"65,34512719",3744,144,7488,288,,"636,1725123519330000","636,1725123519330",0,"0,00000000000011368683772162"
53,561,"583,2",2,"0,8",561,561,,"66,60176426",3816,216,7632,72,,"664,7610054996000000","666,0176425610360",1,"1,25663706143598000000000000"
54,584,605,0,0,584,584,,"67,85840132",3888,288,7776,216,,"693,9778171779850000","692,7211801165490",-1,"-1,25663706143598000000000000"
55,605,"627,2",2,"0,8",605,605,,"69,11503838",3960,0,7920,0,,"723,8229473870880000","722,5663103256520",-1,"-1,25663706143587000000000000"