n,m = 4n² mod 10,C(m) = (26m − 5m²)/24,s(n)² = (n² + 4C(m))/5,s(n)² mod 10,2 × s(n)²,2s(n)² mod 10,G / 2,Interval,Greek Name,Mirror Check,Legend,Meaning
0,0,0,0,0,0,0,0,—,—,—,m = 4n² mod 10,the residue
1,4,1,1,1,2,2,1,unison (1:1),ὁμώνυμον,✓,C(m) = (26m − 5m²)/24,the Interval Map output
2,6,-1,0,0,0,0,0,—,—,✓,s(n)² = (n² + 4C(m))/5,the Pentametric Area
3,6,-1,1,1,2,2,1,unison (1:1),ὁμώνυμον,✓,s(n)² mod 10,area last digit (original cycle)
4,4,1,4,4,8,8,4,fourth (4:3),διὰ τεσσάρων,✓,2 × s(n)²,the doubled area
5,0,0,5,5,10,0,0,—,—,✓,2s(n)² mod 10,doubled area last digit
6,4,1,8,8,16,6,3,fifth (3:2),διὰ πέντε,✓,G / 2,the halved digit (0–4)
7,6,-1,9,9,18,8,4,fourth (4:3),διὰ τεσσάρων,✓,Interval,name of the interval
8,6,-1,12,2,24,4,2,octave (2:1),διὰ πασῶν,✓,Greek Name,Greek interval name
9,4,1,17,7,34,4,2,octave (2:1),διὰ πασῶν,✓,Mirror Check,mirror verification
10,0,0,20,0,40,0,0,—,—,✓,,
11,4,1,25,5,50,0,0,—,—,✓,,
12,6,-1,28,8,56,6,3,fifth (3:2),διὰ πέντε,✓,,
13,6,-1,33,3,66,6,3,fifth (3:2),διὰ πέντε,✓,Structural Note,
14,4,1,40,0,80,0,0,—,—,✓,Vertebra: 25 terms = 5²; 24 transitions = 4!; Axis at n=25,
15,0,0,45,5,90,0,0,—,—,✓,,
16,4,1,52,2,104,4,2,octave (2:1),διὰ πασῶν,✓,,
17,6,-1,57,7,114,4,2,octave (2:1),διὰ πασῶν,✓,,
18,6,-1,64,4,128,8,4,fourth (4:3),διὰ τεσσάρων,✓,,
19,4,1,73,3,146,6,3,fifth (3:2),διὰ πέντε,✓,,
20,0,0,80,0,160,0,0,—,—,✓,,
21,4,1,89,9,178,8,4,fourth (4:3),διὰ τεσσάρων,✓,,
22,6,-1,96,6,192,2,1,unison (1:1),ὁμώνυμον,✓,,
23,6,-1,105,5,210,0,0,—,—,✓,,
24,4,1,116,6,232,2,1,unison (1:1),ὁμώνυμον,✓,,
25,0,0,125,5,250,0,0,—,—,✓,,
26,4,1,136,6,272,2,1,unison (1:1),ὁμώνυμον,✓,,
27,6,-1,145,5,290,0,0,—,—,✓,,
28,6,-1,156,6,312,2,1,unison (1:1),ὁμώνυμον,✓,,
29,4,1,169,9,338,8,4,fourth (4:3),διὰ τεσσάρων,✓,,
30,0,0,180,0,360,0,0,—,—,✓,,
31,4,1,193,3,386,6,3,fifth (3:2),διὰ πέντε,✓,,
32,6,-1,204,4,408,8,4,fourth (4:3),διὰ τεσσάρων,✓,,
33,6,-1,217,7,434,4,2,octave (2:1),διὰ πασῶν,✓,,
34,4,1,232,2,464,4,2,octave (2:1),διὰ πασῶν,✓,,
35,0,0,245,5,490,0,0,—,—,✓,,
36,4,1,260,0,520,0,0,—,—,✓,,
37,6,-1,273,3,546,6,3,fifth (3:2),διὰ πέντε,✓,,
38,6,-1,288,8,576,6,3,fifth (3:2),διὰ πέντε,✓,,
39,4,1,305,5,610,0,0,—,—,✓,,
40,0,0,320,0,640,0,0,—,—,✓,,
41,4,1,337,7,674,4,2,octave (2:1),διὰ πασῶν,✓,,
42,6,-1,352,2,704,4,2,octave (2:1),διὰ πασῶν,✓,,
43,6,-1,369,9,738,8,4,fourth (4:3),διὰ τεσσάρων,✓,,
44,4,1,388,8,776,6,3,fifth (3:2),διὰ πέντε,✓,,
45,0,0,405,5,810,0,0,—,—,✓,,
46,4,1,424,4,848,8,4,fourth (4:3),διὰ τεσσάρων,✓,,
47,6,-1,441,1,882,2,1,unison (1:1),ὁμώνυμον,✓,,
48,6,-1,460,0,920,0,0,—,—,✓,,
49,4,1,481,1,962,2,1,unison (1:1),ὁμώνυμον,✓,,
50,0,0,500,0,1000,0,0,—,—,✓,,
51,4,1,521,1,1042,2,1,unison (1:1),ὁμώνυμον,,,
52,6,-1,540,0,1080,0,0,—,—,,,
53,6,-1,561,1,1122,2,1,unison (1:1),ὁμώνυμον,,,
54,4,1,584,4,1168,8,4,fourth (4:3),διὰ τεσσάρων,,,
55,0,0,605,5,1210,0,0,—,—,,,
56,4,1,628,8,1256,6,3,fifth (3:2),διὰ πέντε,,,
57,6,-1,649,9,1298,8,4,fourth (4:3),διὰ τεσσάρων,,,
58,6,-1,672,2,1344,4,2,octave (2:1),διὰ πασῶν,,,
59,4,1,697,7,1394,4,2,octave (2:1),διὰ πασῶν,,,
60,0,0,720,0,1440,0,0,—,—,,,
61,4,1,745,5,1490,0,0,—,—,,,
62,6,-1,768,8,1536,6,3,fifth (3:2),διὰ πέντε,,,
63,6,-1,793,3,1586,6,3,fifth (3:2),διὰ πέντε,,,
64,4,1,820,0,1640,0,0,—,—,,,
65,0,0,845,5,1690,0,0,—,—,,,
66,4,1,872,2,1744,4,2,octave (2:1),διὰ πασῶν,,,
67,6,-1,897,7,1794,4,2,octave (2:1),διὰ πασῶν,,,
68,6,-1,924,4,1848,8,4,fourth (4:3),διὰ τεσσάρων,,,
69,4,1,953,3,1906,6,3,fifth (3:2),διὰ πέντε,,,
70,0,0,980,0,1960,0,0,—,—,,,
71,4,1,1009,9,2018,8,4,fourth (4:3),διὰ τεσσάρων,,,
72,6,-1,1036,6,2072,2,1,unison (1:1),ὁμώνυμον,,,
73,6,-1,1065,5,2130,0,0,—,—,,,
74,4,1,1096,6,2192,2,1,unison (1:1),ὁμώνυμον,,,
75,0,0,1125,5,2250,0,0,—,—,,,
76,4,1,1156,6,2312,2,1,unison (1:1),ὁμώνυμον,,,
77,6,-1,1185,5,2370,0,0,—,—,,,
78,6,-1,1216,6,2432,2,1,unison (1:1),ὁμώνυμον,,,
79,4,1,1249,9,2498,8,4,fourth (4:3),διὰ τεσσάρων,,,
80,0,0,1280,0,2560,0,0,—,—,,,
81,4,1,1313,3,2626,6,3,fifth (3:2),διὰ πέντε,,,
82,6,-1,1344,4,2688,8,4,fourth (4:3),διὰ τεσσάρων,,,
83,6,-1,1377,7,2754,4,2,octave (2:1),διὰ πασῶν,,,
84,4,1,1412,2,2824,4,2,octave (2:1),διὰ πασῶν,,,
85,0,0,1445,5,2890,0,0,—,—,,,
86,4,1,1480,0,2960,0,0,—,—,,,
87,6,-1,1513,3,3026,6,3,fifth (3:2),διὰ πέντε,,,
88,6,-1,1548,8,3096,6,3,fifth (3:2),διὰ πέντε,,,
89,4,1,1585,5,3170,0,0,—,—,,,
90,0,0,1620,0,3240,0,0,—,—,,,
91,4,1,1657,7,3314,4,2,octave (2:1),διὰ πασῶν,,,
92,6,-1,1692,2,3384,4,2,octave (2:1),διὰ πασῶν,,,
93,6,-1,1729,9,3458,8,4,fourth (4:3),διὰ τεσσάρων,,,
94,4,1,1768,8,3536,6,3,fifth (3:2),διὰ πέντε,,,
95,0,0,1805,5,3610,0,0,—,—,,,
96,4,1,1844,4,3688,8,4,fourth (4:3),διὰ τεσσάρων,,,
97,6,-1,1881,1,3762,2,1,unison (1:1),ὁμώνυμον,,,
98,6,-1,1920,0,3840,0,0,—,—,,,
99,4,1,1961,1,3922,2,1,unison (1:1),ὁμώνυμον,,,
100,0,0,2000,0,4000,0,0,—,—,,,
101,4,1,2041,1,4082,2,1,unison (1:1),ὁμώνυμον,,,
102,6,-1,2080,0,4160,0,0,—,—,,,
103,6,-1,2121,1,4242,2,1,unison (1:1),ὁμώνυμον,,,
104,4,1,2164,4,4328,8,4,fourth (4:3),διὰ τεσσάρων,,,
105,0,0,2205,5,4410,0,0,—,—,,,
106,4,1,2248,8,4496,6,3,fifth (3:2),διὰ πέντε,,,
107,6,-1,2289,9,4578,8,4,fourth (4:3),διὰ τεσσάρων,,,
108,6,-1,2332,2,4664,4,2,octave (2:1),διὰ πασῶν,,,
109,4,1,2377,7,4754,4,2,octave (2:1),διὰ πασῶν,,,
110,0,0,2420,0,4840,0,0,—,—,,,
111,4,1,2465,5,4930,0,0,—,—,,,
112,6,-1,2508,8,5016,6,3,fifth (3:2),διὰ πέντε,,,
113,6,-1,2553,3,5106,6,3,fifth (3:2),διὰ πέντε,,,
114,4,1,2600,0,5200,0,0,—,—,,,
115,0,0,2645,5,5290,0,0,—,—,,,
116,4,1,2692,2,5384,4,2,octave (2:1),διὰ πασῶν,,,
117,6,-1,2737,7,5474,4,2,octave (2:1),διὰ πασῶν,,,
118,6,-1,2784,4,5568,8,4,fourth (4:3),διὰ τεσσάρων,,,
119,4,1,2833,3,5666,6,3,fifth (3:2),διὰ πέντε,,,
120,0,0,2880,0,5760,0,0,—,—,,,
121,4,1,2929,9,5858,8,4,fourth (4:3),διὰ τεσσάρων,,,
122,6,-1,2976,6,5952,2,1,unison (1:1),ὁμώνυμον,,,
123,6,-1,3025,5,6050,0,0,—,—,,,
124,4,1,3076,6,6152,2,1,unison (1:1),ὁμώνυμον,,,
125,0,0,3125,5,6250,0,0,—,—,,,
126,4,1,3176,6,6352,2,1,unison (1:1),ὁμώνυμον,,,
127,6,-1,3225,5,6450,0,0,—,—,,,
128,6,-1,3276,6,6552,2,1,unison (1:1),ὁμώνυμον,,,
129,4,1,3329,9,6658,8,4,fourth (4:3),διὰ τεσσάρων,,,
130,0,0,3380,0,6760,0,0,—,—,,,
131,4,1,3433,3,6866,6,3,fifth (3:2),διὰ πέντε,,,
132,6,-1,3484,4,6968,8,4,fourth (4:3),διὰ τεσσάρων,,,
133,6,-1,3537,7,7074,4,2,octave (2:1),διὰ πασῶν,,,
134,4,1,3592,2,7184,4,2,octave (2:1),διὰ πασῶν,,,
135,0,0,3645,5,7290,0,0,—,—,,,
136,4,1,3700,0,7400,0,0,—,—,,,
137,6,-1,3753,3,7506,6,3,fifth (3:2),διὰ πέντε,,,
138,6,-1,3808,8,7616,6,3,fifth (3:2),διὰ πέντε,,,
139,4,1,3865,5,7730,0,0,—,—,,,
140,0,0,3920,0,7840,0,0,—,—,,,
141,4,1,3977,7,7954,4,2,octave (2:1),διὰ πασῶν,,,
142,6,-1,4032,2,8064,4,2,octave (2:1),διὰ πασῶν,,,
143,6,-1,4089,9,8178,8,4,fourth (4:3),διὰ τεσσάρων,,,
144,4,1,4148,8,8296,6,3,fifth (3:2),διὰ πέντε,,,
145,0,0,4205,5,8410,0,0,—,—,,,
146,4,1,4264,4,8528,8,4,fourth (4:3),διὰ τεσσάρων,,,
147,6,-1,4321,1,8642,2,1,unison (1:1),ὁμώνυμον,,,
148,6,-1,4380,0,8760,0,0,—,—,,,
149,4,1,4441,1,8882,2,1,unison (1:1),ὁμώνυμον,,,
150,0,0,4500,0,9000,0,0,—,—,,,
151,4,1,4561,1,9122,2,1,unison (1:1),ὁμώνυμον,,,
152,6,-1,4620,0,9240,0,0,—,—,,,
153,6,-1,4681,1,9362,2,1,unison (1:1),ὁμώνυμον,,,
154,4,1,4744,4,9488,8,4,fourth (4:3),διὰ τεσσάρων,,,
155,0,0,4805,5,9610,0,0,—,—,,,
156,4,1,4868,8,9736,6,3,fifth (3:2),διὰ πέντε,,,
157,6,-1,4929,9,9858,8,4,fourth (4:3),διὰ τεσσάρων,,,
158,6,-1,4992,2,9984,4,2,octave (2:1),διὰ πασῶν,,,
159,4,1,5057,7,10114,4,2,octave (2:1),διὰ πασῶν,,,
160,0,0,5120,0,10240,0,0,—,—,,,
161,4,1,5185,5,10370,0,0,—,—,,,
162,6,-1,5248,8,10496,6,3,fifth (3:2),διὰ πέντε,,,
163,6,-1,5313,3,10626,6,3,fifth (3:2),διὰ πέντε,,,
164,4,1,5380,0,10760,0,0,—,—,,,
165,0,0,5445,5,10890,0,0,—,—,,,
166,4,1,5512,2,11024,4,2,octave (2:1),διὰ πασῶν,,,
167,6,-1,5577,7,11154,4,2,octave (2:1),διὰ πασῶν,,,
168,6,-1,5644,4,11288,8,4,fourth (4:3),διὰ τεσσάρων,,,
169,4,1,5713,3,11426,6,3,fifth (3:2),διὰ πέντε,,,
170,0,0,5780,0,11560,0,0,—,—,,,
171,4,1,5849,9,11698,8,4,fourth (4:3),διὰ τεσσάρων,,,
172,6,-1,5916,6,11832,2,1,unison (1:1),ὁμώνυμον,,,
173,6,-1,5985,5,11970,0,0,—,—,,,
174,4,1,6056,6,12112,2,1,unison (1:1),ὁμώνυμον,,,
175,0,0,6125,5,12250,0,0,—,—,,,
176,4,1,6196,6,12392,2,1,unison (1:1),ὁμώνυμον,,,
177,6,-1,6265,5,12530,0,0,—,—,,,
178,6,-1,6336,6,12672,2,1,unison (1:1),ὁμώνυμον,,,
179,4,1,6409,9,12818,8,4,fourth (4:3),διὰ τεσσάρων,,,
180,0,0,6480,0,12960,0,0,—,—,,,
181,4,1,6553,3,13106,6,3,fifth (3:2),διὰ πέντε,,,
182,6,-1,6624,4,13248,8,4,fourth (4:3),διὰ τεσσάρων,,,
183,6,-1,6697,7,13394,4,2,octave (2:1),διὰ πασῶν,,,
184,4,1,6772,2,13544,4,2,octave (2:1),διὰ πασῶν,,,
185,0,0,6845,5,13690,0,0,—,—,,,
186,4,1,6920,0,13840,0,0,—,—,,,
187,6,-1,6993,3,13986,6,3,fifth (3:2),διὰ πέντε,,,
188,6,-1,7068,8,14136,6,3,fifth (3:2),διὰ πέντε,,,
189,4,1,7145,5,14290,0,0,—,—,,,
190,0,0,7220,0,14440,0,0,—,—,,,
191,4,1,7297,7,14594,4,2,octave (2:1),διὰ πασῶν,,,
192,6,-1,7372,2,14744,4,2,octave (2:1),διὰ πασῶν,,,
193,6,-1,7449,9,14898,8,4,fourth (4:3),διὰ τεσσάρων,,,
194,4,1,7528,8,15056,6,3,fifth (3:2),διὰ πέντε,,,
195,0,0,7605,5,15210,0,0,—,—,,,
196,4,1,7684,4,15368,8,4,fourth (4:3),διὰ τεσσάρων,,,
197,6,-1,7761,1,15522,2,1,unison (1:1),ὁμώνυμον,,,
198,6,-1,7840,0,15680,0,0,—,—,,,
199,4,1,7921,1,15842,2,1,unison (1:1),ὁμώνυμον,,,
200,0,0,8000,0,16000,0,0,—,—,,,
201,4,1,8081,1,16162,2,1,unison (1:1),ὁμώνυμον,,,
202,6,-1,8160,0,16320,0,0,—,—,,,
203,6,-1,8241,1,16482,2,1,unison (1:1),ὁμώνυμον,,,
204,4,1,8324,4,16648,8,4,fourth (4:3),διὰ τεσσάρων,,,
205,0,0,8405,5,16810,0,0,—,—,,,
206,4,1,8488,8,16976,6,3,fifth (3:2),διὰ πέντε,,,
207,6,-1,8569,9,17138,8,4,fourth (4:3),διὰ τεσσάρων,,,
208,6,-1,8652,2,17304,4,2,octave (2:1),διὰ πασῶν,,,
209,4,1,8737,7,17474,4,2,octave (2:1),διὰ πασῶν,,,
210,0,0,8820,0,17640,0,0,—,—,,,
211,4,1,8905,5,17810,0,0,—,—,,,
212,6,-1,8988,8,17976,6,3,fifth (3:2),διὰ πέντε,,,
213,6,-1,9073,3,18146,6,3,fifth (3:2),διὰ πέντε,,,
214,4,1,9160,0,18320,0,0,—,—,,,
215,0,0,9245,5,18490,0,0,—,—,,,
216,4,1,9332,2,18664,4,2,octave (2:1),διὰ πασῶν,,,
217,6,-1,9417,7,18834,4,2,octave (2:1),διὰ πασῶν,,,
218,6,-1,9504,4,19008,8,4,fourth (4:3),διὰ τεσσάρων,,,
219,4,1,9593,3,19186,6,3,fifth (3:2),διὰ πέντε,,,
220,0,0,9680,0,19360,0,0,—,—,,,
221,4,1,9769,9,19538,8,4,fourth (4:3),διὰ τεσσάρων,,,
222,6,-1,9856,6,19712,2,1,unison (1:1),ὁμώνυμον,,,
223,6,-1,9945,5,19890,0,0,—,—,,,
224,4,1,10036,6,20072,2,1,unison (1:1),ὁμώνυμον,,,
225,0,0,10125,5,20250,0,0,—,—,,,
226,4,1,10216,6,20432,2,1,unison (1:1),ὁμώνυμον,,,
227,6,-1,10305,5,20610,0,0,—,—,,,
228,6,-1,10396,6,20792,2,1,unison (1:1),ὁμώνυμον,,,
229,4,1,10489,9,20978,8,4,fourth (4:3),διὰ τεσσάρων,,,
230,0,0,10580,0,21160,0,0,—,—,,,
231,4,1,10673,3,21346,6,3,fifth (3:2),διὰ πέντε,,,
232,6,-1,10764,4,21528,8,4,fourth (4:3),διὰ τεσσάρων,,,
233,6,-1,10857,7,21714,4,2,octave (2:1),διὰ πασῶν,,,
234,4,1,10952,2,21904,4,2,octave (2:1),διὰ πασῶν,,,
235,0,0,11045,5,22090,0,0,—,—,,,
236,4,1,11140,0,22280,0,0,—,—,,,
237,6,-1,11233,3,22466,6,3,fifth (3:2),διὰ πέντε,,,
238,6,-1,11328,8,22656,6,3,fifth (3:2),διὰ πέντε,,,
239,4,1,11425,5,22850,0,0,—,—,,,
240,0,0,11520,0,23040,0,0,—,—,,,
241,4,1,11617,7,23234,4,2,octave (2:1),διὰ πασῶν,,,
242,6,-1,11712,2,23424,4,2,octave (2:1),διὰ πασῶν,,,
243,6,-1,11809,9,23618,8,4,fourth (4:3),διὰ τεσσάρων,,,
244,4,1,11908,8,23816,6,3,fifth (3:2),διὰ πέντε,,,
245,0,0,12005,5,24010,0,0,—,—,,,
246,4,1,12104,4,24208,8,4,fourth (4:3),διὰ τεσσάρων,,,
247,6,-1,12201,1,24402,2,1,unison (1:1),ὁμώνυμον,,,
248,6,-1,12300,0,24600,0,0,—,—,,,
249,4,1,12401,1,24802,2,1,unison (1:1),ὁμώνυμον,,,
250,0,0,12500,0,25000,0,0,—,—,,,
251,4,1,12601,1,25202,2,1,unison (1:1),ὁμώνυμον,,,
252,6,-1,12700,0,25400,0,0,—,—,,,
253,6,-1,12801,1,25602,2,1,unison (1:1),ὁμώνυμον,,,
254,4,1,12904,4,25808,8,4,fourth (4:3),διὰ τεσσάρων,,,
255,0,0,13005,5,26010,0,0,—,—,,,
256,4,1,13108,8,26216,6,3,fifth (3:2),διὰ πέντε,,,
257,6,-1,13209,9,26418,8,4,fourth (4:3),διὰ τεσσάρων,,,
258,6,-1,13312,2,26624,4,2,octave (2:1),διὰ πασῶν,,,
259,4,1,13417,7,26834,4,2,octave (2:1),διὰ πασῶν,,,
260,0,0,13520,0,27040,0,0,—,—,,,
261,4,1,13625,5,27250,0,0,—,—,,,
262,6,-1,13728,8,27456,6,3,fifth (3:2),διὰ πέντε,,,
263,6,-1,13833,3,27666,6,3,fifth (3:2),διὰ πέντε,,,
264,4,1,13940,0,27880,0,0,—,—,,,
265,0,0,14045,5,28090,0,0,—,—,,,
266,4,1,14152,2,28304,4,2,octave (2:1),διὰ πασῶν,,,
267,6,-1,14257,7,28514,4,2,octave (2:1),διὰ πασῶν,,,
268,6,-1,14364,4,28728,8,4,fourth (4:3),διὰ τεσσάρων,,,
269,4,1,14473,3,28946,6,3,fifth (3:2),διὰ πέντε,,,
270,0,0,14580,0,29160,0,0,—,—,,,
271,4,1,14689,9,29378,8,4,fourth (4:3),διὰ τεσσάρων,,,
272,6,-1,14796,6,29592,2,1,unison (1:1),ὁμώνυμον,,,
273,6,-1,14905,5,29810,0,0,—,—,,,
274,4,1,15016,6,30032,2,1,unison (1:1),ὁμώνυμον,,,
275,0,0,15125,5,30250,0,0,—,—,,,
276,4,1,15236,6,30472,2,1,unison (1:1),ὁμώνυμον,,,
277,6,-1,15345,5,30690,0,0,—,—,,,
278,6,-1,15456,6,30912,2,1,unison (1:1),ὁμώνυμον,,,
279,4,1,15569,9,31138,8,4,fourth (4:3),διὰ τεσσάρων,,,
280,0,0,15680,0,31360,0,0,—,—,,,
281,4,1,15793,3,31586,6,3,fifth (3:2),διὰ πέντε,,,
282,6,-1,15904,4,31808,8,4,fourth (4:3),διὰ τεσσάρων,,,
283,6,-1,16017,7,32034,4,2,octave (2:1),διὰ πασῶν,,,
284,4,1,16132,2,32264,4,2,octave (2:1),διὰ πασῶν,,,
285,0,0,16245,5,32490,0,0,—,—,,,
286,4,1,16360,0,32720,0,0,—,—,,,
287,6,-1,16473,3,32946,6,3,fifth (3:2),διὰ πέντε,,,
288,6,-1,16588,8,33176,6,3,fifth (3:2),διὰ πέντε,,,
289,4,1,16705,5,33410,0,0,—,—,,,
290,0,0,16820,0,33640,0,0,—,—,,,
291,4,1,16937,7,33874,4,2,octave (2:1),διὰ πασῶν,,,
292,6,-1,17052,2,34104,4,2,octave (2:1),διὰ πασῶν,,,
293,6,-1,17169,9,34338,8,4,fourth (4:3),διὰ τεσσάρων,,,
294,4,1,17288,8,34576,6,3,fifth (3:2),διὰ πέντε,,,
295,0,0,17405,5,34810,0,0,—,—,,,
296,4,1,17524,4,35048,8,4,fourth (4:3),διὰ τεσσάρων,,,
297,6,-1,17641,1,35282,2,1,unison (1:1),ὁμώνυμον,,,
298,6,-1,17760,0,35520,0,0,—,—,,,
299,4,1,17881,1,35762,2,1,unison (1:1),ὁμώνυμον,,,
300,0,0,18000,0,36000,0,0,—,—,,,
301,4,1,18121,1,36242,2,1,unison (1:1),ὁμώνυμον,,,
302,6,-1,18240,0,36480,0,0,—,—,,,
303,6,-1,18361,1,36722,2,1,unison (1:1),ὁμώνυμον,,,
304,4,1,18484,4,36968,8,4,fourth (4:3),διὰ τεσσάρων,,,
305,0,0,18605,5,37210,0,0,—,—,,,
306,4,1,18728,8,37456,6,3,fifth (3:2),διὰ πέντε,,,
307,6,-1,18849,9,37698,8,4,fourth (4:3),διὰ τεσσάρων,,,
308,6,-1,18972,2,37944,4,2,octave (2:1),διὰ πασῶν,,,
309,4,1,19097,7,38194,4,2,octave (2:1),διὰ πασῶν,,,
310,0,0,19220,0,38440,0,0,—,—,,,
311,4,1,19345,5,38690,0,0,—,—,,,
312,6,-1,19468,8,38936,6,3,fifth (3:2),διὰ πέντε,,,
313,6,-1,19593,3,39186,6,3,fifth (3:2),διὰ πέντε,,,
314,4,1,19720,0,39440,0,0,—,—,,,
315,0,0,19845,5,39690,0,0,—,—,,,
316,4,1,19972,2,39944,4,2,octave (2:1),διὰ πασῶν,,,
317,6,-1,20097,7,40194,4,2,octave (2:1),διὰ πασῶν,,,
318,6,-1,20224,4,40448,8,4,fourth (4:3),διὰ τεσσάρων,,,
319,4,1,20353,3,40706,6,3,fifth (3:2),διὰ πέντε,,,
320,0,0,20480,0,40960,0,0,—,—,,,
321,4,1,20609,9,41218,8,4,fourth (4:3),διὰ τεσσάρων,,,
322,6,-1,20736,6,41472,2,1,unison (1:1),ὁμώνυμον,,,
323,6,-1,20865,5,41730,0,0,—,—,,,
324,4,1,20996,6,41992,2,1,unison (1:1),ὁμώνυμον,,,
325,0,0,21125,5,42250,0,0,—,—,,,
326,4,1,21256,6,42512,2,1,unison (1:1),ὁμώνυμον,,,
327,6,-1,21385,5,42770,0,0,—,—,,,
328,6,-1,21516,6,43032,2,1,unison (1:1),ὁμώνυμον,,,
329,4,1,21649,9,43298,8,4,fourth (4:3),διὰ τεσσάρων,,,
330,0,0,21780,0,43560,0,0,—,—,,,
331,4,1,21913,3,43826,6,3,fifth (3:2),διὰ πέντε,,,
332,6,-1,22044,4,44088,8,4,fourth (4:3),διὰ τεσσάρων,,,
333,6,-1,22177,7,44354,4,2,octave (2:1),διὰ πασῶν,,,
334,4,1,22312,2,44624,4,2,octave (2:1),διὰ πασῶν,,,
335,0,0,22445,5,44890,0,0,—,—,,,
336,4,1,22580,0,45160,0,0,—,—,,,
337,6,-1,22713,3,45426,6,3,fifth (3:2),διὰ πέντε,,,
338,6,-1,22848,8,45696,6,3,fifth (3:2),διὰ πέντε,,,
339,4,1,22985,5,45970,0,0,—,—,,,
340,0,0,23120,0,46240,0,0,—,—,,,
341,4,1,23257,7,46514,4,2,octave (2:1),διὰ πασῶν,,,
342,6,-1,23392,2,46784,4,2,octave (2:1),διὰ πασῶν,,,
343,6,-1,23529,9,47058,8,4,fourth (4:3),διὰ τεσσάρων,,,
344,4,1,23668,8,47336,6,3,fifth (3:2),διὰ πέντε,,,
345,0,0,23805,5,47610,0,0,—,—,,,
346,4,1,23944,4,47888,8,4,fourth (4:3),διὰ τεσσάρων,,,
347,6,-1,24081,1,48162,2,1,unison (1:1),ὁμώνυμον,,,
348,6,-1,24220,0,48440,0,0,—,—,,,
349,4,1,24361,1,48722,2,1,unison (1:1),ὁμώνυμον,,,
350,0,0,24500,0,49000,0,0,—,—,,,
351,4,1,24641,1,49282,2,1,unison (1:1),ὁμώνυμον,,,
352,6,-1,24780,0,49560,0,0,—,—,,,
353,6,-1,24921,1,49842,2,1,unison (1:1),ὁμώνυμον,,,
354,4,1,25064,4,50128,8,4,fourth (4:3),διὰ τεσσάρων,,,
355,0,0,25205,5,50410,0,0,—,—,,,
356,4,1,25348,8,50696,6,3,fifth (3:2),διὰ πέντε,,,
357,6,-1,25489,9,50978,8,4,fourth (4:3),διὰ τεσσάρων,,,
358,6,-1,25632,2,51264,4,2,octave (2:1),διὰ πασῶν,,,
359,4,1,25777,7,51554,4,2,octave (2:1),διὰ πασῶν,,,
360,0,0,25920,0,51840,0,0,—,—,,,
361,4,1,26065,5,52130,0,0,—,—,,,
362,6,-1,26208,8,52416,6,3,fifth (3:2),διὰ πέντε,,,
363,6,-1,26353,3,52706,6,3,fifth (3:2),διὰ πέντε,,,
364,4,1,26500,0,53000,0,0,—,—,,,
365,0,0,26645,5,53290,0,0,—,—,,,
366,4,1,26792,2,53584,4,2,octave (2:1),διὰ πασῶν,,,
367,6,-1,26937,7,53874,4,2,octave (2:1),διὰ πασῶν,,,
368,6,-1,27084,4,54168,8,4,fourth (4:3),διὰ τεσσάρων,,,
369,4,1,27233,3,54466,6,3,fifth (3:2),διὰ πέντε,,,
370,0,0,27380,0,54760,0,0,—,—,,,
371,4,1,27529,9,55058,8,4,fourth (4:3),διὰ τεσσάρων,,,
372,6,-1,27676,6,55352,2,1,unison (1:1),ὁμώνυμον,,,
373,6,-1,27825,5,55650,0,0,—,—,,,
374,4,1,27976,6,55952,2,1,unison (1:1),ὁμώνυμον,,,
375,0,0,28125,5,56250,0,0,—,—,,,
376,4,1,28276,6,56552,2,1,unison (1:1),ὁμώνυμον,,,
377,6,-1,28425,5,56850,0,0,—,—,,,
378,6,-1,28576,6,57152,2,1,unison (1:1),ὁμώνυμον,,,
379,4,1,28729,9,57458,8,4,fourth (4:3),διὰ τεσσάρων,,,
380,0,0,28880,0,57760,0,0,—,—,,,
381,4,1,29033,3,58066,6,3,fifth (3:2),διὰ πέντε,,,
382,6,-1,29184,4,58368,8,4,fourth (4:3),διὰ τεσσάρων,,,
383,6,-1,29337,7,58674,4,2,octave (2:1),διὰ πασῶν,,,
384,4,1,29492,2,58984,4,2,octave (2:1),διὰ πασῶν,,,
385,0,0,29645,5,59290,0,0,—,—,,,
386,4,1,29800,0,59600,0,0,—,—,,,
387,6,-1,29953,3,59906,6,3,fifth (3:2),διὰ πέντε,,,
388,6,-1,30108,8,60216,6,3,fifth (3:2),διὰ πέντε,,,
389,4,1,30265,5,60530,0,0,—,—,,,
390,0,0,30420,0,60840,0,0,—,—,,,
391,4,1,30577,7,61154,4,2,octave (2:1),διὰ πασῶν,,,
392,6,-1,30732,2,61464,4,2,octave (2:1),διὰ πασῶν,,,
393,6,-1,30889,9,61778,8,4,fourth (4:3),διὰ τεσσάρων,,,
394,4,1,31048,8,62096,6,3,fifth (3:2),διὰ πέντε,,,
395,0,0,31205,5,62410,0,0,—,—,,,
396,4,1,31364,4,62728,8,4,fourth (4:3),διὰ τεσσάρων,,,
397,6,-1,31521,1,63042,2,1,unison (1:1),ὁμώνυμον,,,
398,6,-1,31680,0,63360,0,0,—,—,,,
399,4,1,31841,1,63682,2,1,unison (1:1),ὁμώνυμον,,,
400,0,0,32000,0,64000,0,0,—,—,,,
401,4,1,32161,1,64322,2,1,unison (1:1),ὁμώνυμον,,,
402,6,-1,32320,0,64640,0,0,—,—,,,
403,6,-1,32481,1,64962,2,1,unison (1:1),ὁμώνυμον,,,
404,4,1,32644,4,65288,8,4,fourth (4:3),διὰ τεσσάρων,,,
405,0,0,32805,5,65610,0,0,—,—,,,
406,4,1,32968,8,65936,6,3,fifth (3:2),διὰ πέντε,,,
407,6,-1,33129,9,66258,8,4,fourth (4:3),διὰ τεσσάρων,,,
408,6,-1,33292,2,66584,4,2,octave (2:1),διὰ πασῶν,,,
409,4,1,33457,7,66914,4,2,octave (2:1),διὰ πασῶν,,,
410,0,0,33620,0,67240,0,0,—,—,,,
411,4,1,33785,5,67570,0,0,—,—,,,
412,6,-1,33948,8,67896,6,3,fifth (3:2),διὰ πέντε,,,
413,6,-1,34113,3,68226,6,3,fifth (3:2),διὰ πέντε,,,
414,4,1,34280,0,68560,0,0,—,—,,,
415,0,0,34445,5,68890,0,0,—,—,,,
416,4,1,34612,2,69224,4,2,octave (2:1),διὰ πασῶν,,,
417,6,-1,34777,7,69554,4,2,octave (2:1),διὰ πασῶν,,,
418,6,-1,34944,4,69888,8,4,fourth (4:3),διὰ τεσσάρων,,,
419,4,1,35113,3,70226,6,3,fifth (3:2),διὰ πέντε,,,
420,0,0,35280,0,70560,0,0,—,—,,,
421,4,1,35449,9,70898,8,4,fourth (4:3),διὰ τεσσάρων,,,
422,6,-1,35616,6,71232,2,1,unison (1:1),ὁμώνυμον,,,
423,6,-1,35785,5,71570,0,0,—,—,,,
424,4,1,35956,6,71912,2,1,unison (1:1),ὁμώνυμον,,,
425,0,0,36125,5,72250,0,0,—,—,,,
426,4,1,36296,6,72592,2,1,unison (1:1),ὁμώνυμον,,,
427,6,-1,36465,5,72930,0,0,—,—,,,
428,6,-1,36636,6,73272,2,1,unison (1:1),ὁμώνυμον,,,
429,4,1,36809,9,73618,8,4,fourth (4:3),διὰ τεσσάρων,,,
430,0,0,36980,0,73960,0,0,—,—,,,
431,4,1,37153,3,74306,6,3,fifth (3:2),διὰ πέντε,,,
432,6,-1,37324,4,74648,8,4,fourth (4:3),διὰ τεσσάρων,,,
433,6,-1,37497,7,74994,4,2,octave (2:1),διὰ πασῶν,,,
434,4,1,37672,2,75344,4,2,octave (2:1),διὰ πασῶν,,,
435,0,0,37845,5,75690,0,0,—,—,,,
436,4,1,38020,0,76040,0,0,—,—,,,
437,6,-1,38193,3,76386,6,3,fifth (3:2),διὰ πέντε,,,
438,6,-1,38368,8,76736,6,3,fifth (3:2),διὰ πέντε,,,
439,4,1,38545,5,77090,0,0,—,—,,,
440,0,0,38720,0,77440,0,0,—,—,,,
441,4,1,38897,7,77794,4,2,octave (2:1),διὰ πασῶν,,,
442,6,-1,39072,2,78144,4,2,octave (2:1),διὰ πασῶν,,,
443,6,-1,39249,9,78498,8,4,fourth (4:3),διὰ τεσσάρων,,,
444,4,1,39428,8,78856,6,3,fifth (3:2),διὰ πέντε,,,
445,0,0,39605,5,79210,0,0,—,—,,,
446,4,1,39784,4,79568,8,4,fourth (4:3),διὰ τεσσάρων,,,
447,6,-1,39961,1,79922,2,1,unison (1:1),ὁμώνυμον,,,
448,6,-1,40140,0,80280,0,0,—,—,,,
449,4,1,40321,1,80642,2,1,unison (1:1),ὁμώνυμον,,,
450,0,0,40500,0,81000,0,0,—,—,,,
451,4,1,40681,1,81362,2,1,unison (1:1),ὁμώνυμον,,,
452,6,-1,40860,0,81720,0,0,—,—,,,
453,6,-1,41041,1,82082,2,1,unison (1:1),ὁμώνυμον,,,
454,4,1,41224,4,82448,8,4,fourth (4:3),διὰ τεσσάρων,,,
455,0,0,41405,5,82810,0,0,—,—,,,
456,4,1,41588,8,83176,6,3,fifth (3:2),διὰ πέντε,,,
457,6,-1,41769,9,83538,8,4,fourth (4:3),διὰ τεσσάρων,,,
458,6,-1,41952,2,83904,4,2,octave (2:1),διὰ πασῶν,,,
459,4,1,42137,7,84274,4,2,octave (2:1),διὰ πασῶν,,,
460,0,0,42320,0,84640,0,0,—,—,,,
461,4,1,42505,5,85010,0,0,—,—,,,
462,6,-1,42688,8,85376,6,3,fifth (3:2),διὰ πέντε,,,
463,6,-1,42873,3,85746,6,3,fifth (3:2),διὰ πέντε,,,
464,4,1,43060,0,86120,0,0,—,—,,,
465,0,0,43245,5,86490,0,0,—,—,,,
466,4,1,43432,2,86864,4,2,octave (2:1),διὰ πασῶν,,,
467,6,-1,43617,7,87234,4,2,octave (2:1),διὰ πασῶν,,,
468,6,-1,43804,4,87608,8,4,fourth (4:3),διὰ τεσσάρων,,,
469,4,1,43993,3,87986,6,3,fifth (3:2),διὰ πέντε,,,
470,0,0,44180,0,88360,0,0,—,—,,,
471,4,1,44369,9,88738,8,4,fourth (4:3),διὰ τεσσάρων,,,
472,6,-1,44556,6,89112,2,1,unison (1:1),ὁμώνυμον,,,
473,6,-1,44745,5,89490,0,0,—,—,,,
474,4,1,44936,6,89872,2,1,unison (1:1),ὁμώνυμον,,,
475,0,0,45125,5,90250,0,0,—,—,,,
476,4,1,45316,6,90632,2,1,unison (1:1),ὁμώνυμον,,,
477,6,-1,45505,5,91010,0,0,—,—,,,
478,6,-1,45696,6,91392,2,1,unison (1:1),ὁμώνυμον,,,
479,4,1,45889,9,91778,8,4,fourth (4:3),διὰ τεσσάρων,,,
480,0,0,46080,0,92160,0,0,—,—,,,
481,4,1,46273,3,92546,6,3,fifth (3:2),διὰ πέντε,,,
482,6,-1,46464,4,92928,8,4,fourth (4:3),διὰ τεσσάρων,,,
483,6,-1,46657,7,93314,4,2,octave (2:1),διὰ πασῶν,,,
484,4,1,46852,2,93704,4,2,octave (2:1),διὰ πασῶν,,,
485,0,0,47045,5,94090,0,0,—,—,,,
486,4,1,47240,0,94480,0,0,—,—,,,
487,6,-1,47433,3,94866,6,3,fifth (3:2),διὰ πέντε,,,
488,6,-1,47628,8,95256,6,3,fifth (3:2),διὰ πέντε,,,
489,4,1,47825,5,95650,0,0,—,—,,,
490,0,0,48020,0,96040,0,0,—,—,,,
491,4,1,48217,7,96434,4,2,octave (2:1),διὰ πασῶν,,,
492,6,-1,48412,2,96824,4,2,octave (2:1),διὰ πασῶν,,,
493,6,-1,48609,9,97218,8,4,fourth (4:3),διὰ τεσσάρων,,,
494,4,1,48808,8,97616,6,3,fifth (3:2),διὰ πέντε,,,
495,0,0,49005,5,98010,0,0,—,—,,,
496,4,1,49204,4,98408,8,4,fourth (4:3),διὰ τεσσάρων,,,
497,6,-1,49401,1,98802,2,1,unison (1:1),ὁμώνυμον,,,
498,6,-1,49600,0,99200,0,0,—,—,,,
499,4,1,49801,1,99602,2,1,unison (1:1),ὁμώνυμον,,,
500,0,0,50000,0,100000,0,0,—,—,,,
501,4,1,50201,1,100402,2,1,unison (1:1),ὁμώνυμον,,,
502,6,-1,50400,0,100800,0,0,—,—,,,
503,6,-1,50601,1,101202,2,1,unison (1:1),ὁμώνυμον,,,
504,4,1,50804,4,101608,8,4,fourth (4:3),διὰ τεσσάρων,,,
505,0,0,51005,5,102010,0,0,—,—,,,
506,4,1,51208,8,102416,6,3,fifth (3:2),διὰ πέντε,,,
507,6,-1,51409,9,102818,8,4,fourth (4:3),διὰ τεσσάρων,,,
508,6,-1,51612,2,103224,4,2,octave (2:1),διὰ πασῶν,,,
509,4,1,51817,7,103634,4,2,octave (2:1),διὰ πασῶν,,,
510,0,0,52020,0,104040,0,0,—,—,,,
511,4,1,52225,5,104450,0,0,—,—,,,
512,6,-1,52428,8,104856,6,3,fifth (3:2),διὰ πέντε,,,
513,6,-1,52633,3,105266,6,3,fifth (3:2),διὰ πέντε,,,
514,4,1,52840,0,105680,0,0,—,—,,,
515,0,0,53045,5,106090,0,0,—,—,,,
516,4,1,53252,2,106504,4,2,octave (2:1),διὰ πασῶν,,,
517,6,-1,53457,7,106914,4,2,octave (2:1),διὰ πασῶν,,,
518,6,-1,53664,4,107328,8,4,fourth (4:3),διὰ τεσσάρων,,,
519,4,1,53873,3,107746,6,3,fifth (3:2),διὰ πέντε,,,
520,0,0,54080,0,108160,0,0,—,—,,,
521,4,1,54289,9,108578,8,4,fourth (4:3),διὰ τεσσάρων,,,
522,6,-1,54496,6,108992,2,1,unison (1:1),ὁμώνυμον,,,
523,6,-1,54705,5,109410,0,0,—,—,,,
524,4,1,54916,6,109832,2,1,unison (1:1),ὁμώνυμον,,,
525,0,0,55125,5,110250,0,0,—,—,,,
526,4,1,55336,6,110672,2,1,unison (1:1),ὁμώνυμον,,,
527,6,-1,55545,5,111090,0,0,—,—,,,
528,6,-1,55756,6,111512,2,1,unison (1:1),ὁμώνυμον,,,
529,4,1,55969,9,111938,8,4,fourth (4:3),διὰ τεσσάρων,,,
530,0,0,56180,0,112360,0,0,—,—,,,
531,4,1,56393,3,112786,6,3,fifth (3:2),διὰ πέντε,,,
532,6,-1,56604,4,113208,8,4,fourth (4:3),διὰ τεσσάρων,,,
533,6,-1,56817,7,113634,4,2,octave (2:1),διὰ πασῶν,,,
534,4,1,57032,2,114064,4,2,octave (2:1),διὰ πασῶν,,,
535,0,0,57245,5,114490,0,0,—,—,,,
536,4,1,57460,0,114920,0,0,—,—,,,
537,6,-1,57673,3,115346,6,3,fifth (3:2),διὰ πέντε,,,
538,6,-1,57888,8,115776,6,3,fifth (3:2),διὰ πέντε,,,
539,4,1,58105,5,116210,0,0,—,—,,,
540,0,0,58320,0,116640,0,0,—,—,,,
541,4,1,58537,7,117074,4,2,octave (2:1),διὰ πασῶν,,,
542,6,-1,58752,2,117504,4,2,octave (2:1),διὰ πασῶν,,,
543,6,-1,58969,9,117938,8,4,fourth (4:3),διὰ τεσσάρων,,,
544,4,1,59188,8,118376,6,3,fifth (3:2),διὰ πέντε,,,
545,0,0,59405,5,118810,0,0,—,—,,,
546,4,1,59624,4,119248,8,4,fourth (4:3),διὰ τεσσάρων,,,
547,6,-1,59841,1,119682,2,1,unison (1:1),ὁμώνυμον,,,
548,6,-1,60060,0,120120,0,0,—,—,,,
549,4,1,60281,1,120562,2,1,unison (1:1),ὁμώνυμον,,,
550,0,0,60500,0,121000,0,0,—,—,,,
551,4,1,60721,1,121442,2,1,unison (1:1),ὁμώνυμον,,,
552,6,-1,60940,0,121880,0,0,—,—,,,
553,6,-1,61161,1,122322,2,1,unison (1:1),ὁμώνυμον,,,
554,4,1,61384,4,122768,8,4,fourth (4:3),διὰ τεσσάρων,,,
555,0,0,61605,5,123210,0,0,—,—,,,
556,4,1,61828,8,123656,6,3,fifth (3:2),διὰ πέντε,,,
557,6,-1,62049,9,124098,8,4,fourth (4:3),διὰ τεσσάρων,,,
558,6,-1,62272,2,124544,4,2,octave (2:1),διὰ πασῶν,,,
559,4,1,62497,7,124994,4,2,octave (2:1),διὰ πασῶν,,,
560,0,0,62720,0,125440,0,0,—,—,,,
561,4,1,62945,5,125890,0,0,—,—,,,
562,6,-1,63168,8,126336,6,3,fifth (3:2),διὰ πέντε,,,
563,6,-1,63393,3,126786,6,3,fifth (3:2),διὰ πέντε,,,
564,4,1,63620,0,127240,0,0,—,—,,,
565,0,0,63845,5,127690,0,0,—,—,,,
566,4,1,64072,2,128144,4,2,octave (2:1),διὰ πασῶν,,,
567,6,-1,64297,7,128594,4,2,octave (2:1),διὰ πασῶν,,,
568,6,-1,64524,4,129048,8,4,fourth (4:3),διὰ τεσσάρων,,,
569,4,1,64753,3,129506,6,3,fifth (3:2),διὰ πέντε,,,
570,0,0,64980,0,129960,0,0,—,—,,,
571,4,1,65209,9,130418,8,4,fourth (4:3),διὰ τεσσάρων,,,
572,6,-1,65436,6,130872,2,1,unison (1:1),ὁμώνυμον,,,
573,6,-1,65665,5,131330,0,0,—,—,,,
574,4,1,65896,6,131792,2,1,unison (1:1),ὁμώνυμον,,,
575,0,0,66125,5,132250,0,0,—,—,,,
576,4,1,66356,6,132712,2,1,unison (1:1),ὁμώνυμον,,,
577,6,-1,66585,5,133170,0,0,—,—,,,
578,6,-1,66816,6,133632,2,1,unison (1:1),ὁμώνυμον,,,
579,4,1,67049,9,134098,8,4,fourth (4:3),διὰ τεσσάρων,,,
580,0,0,67280,0,134560,0,0,—,—,,,
581,4,1,67513,3,135026,6,3,fifth (3:2),διὰ πέντε,,,
582,6,-1,67744,4,135488,8,4,fourth (4:3),διὰ τεσσάρων,,,
583,6,-1,67977,7,135954,4,2,octave (2:1),διὰ πασῶν,,,
584,4,1,68212,2,136424,4,2,octave (2:1),διὰ πασῶν,,,
585,0,0,68445,5,136890,0,0,—,—,,,
586,4,1,68680,0,137360,0,0,—,—,,,
587,6,-1,68913,3,137826,6,3,fifth (3:2),διὰ πέντε,,,
588,6,-1,69148,8,138296,6,3,fifth (3:2),διὰ πέντε,,,
589,4,1,69385,5,138770,0,0,—,—,,,
590,0,0,69620,0,139240,0,0,—,—,,,
591,4,1,69857,7,139714,4,2,octave (2:1),διὰ πασῶν,,,
592,6,-1,70092,2,140184,4,2,octave (2:1),διὰ πασῶν,,,
593,6,-1,70329,9,140658,8,4,fourth (4:3),διὰ τεσσάρων,,,
594,4,1,70568,8,141136,6,3,fifth (3:2),διὰ πέντε,,,
595,0,0,70805,5,141610,0,0,—,—,,,
596,4,1,71044,4,142088,8,4,fourth (4:3),διὰ τεσσάρων,,,
597,6,-1,71281,1,142562,2,1,unison (1:1),ὁμώνυμον,,,
598,6,-1,71520,0,143040,0,0,—,—,,,
599,4,1,71761,1,143522,2,1,unison (1:1),ὁμώνυμον,,,
600,0,0,72000,0,144000,0,0,—,—,,,
601,4,1,72241,1,144482,2,1,unison (1:1),ὁμώνυμον,,,
602,6,-1,72480,0,144960,0,0,—,—,,,
603,6,-1,72721,1,145442,2,1,unison (1:1),ὁμώνυμον,,,
604,4,1,72964,4,145928,8,4,fourth (4:3),διὰ τεσσάρων,,,
605,0,0,73205,5,146410,0,0,—,—,,,
606,4,1,73448,8,146896,6,3,fifth (3:2),διὰ πέντε,,,
607,6,-1,73689,9,147378,8,4,fourth (4:3),διὰ τεσσάρων,,,
608,6,-1,73932,2,147864,4,2,octave (2:1),διὰ πασῶν,,,
609,4,1,74177,7,148354,4,2,octave (2:1),διὰ πασῶν,,,
610,0,0,74420,0,148840,0,0,—,—,,,
611,4,1,74665,5,149330,0,0,—,—,,,
612,6,-1,74908,8,149816,6,3,fifth (3:2),διὰ πέντε,,,
613,6,-1,75153,3,150306,6,3,fifth (3:2),διὰ πέντε,,,
614,4,1,75400,0,150800,0,0,—,—,,,
615,0,0,75645,5,151290,0,0,—,—,,,
616,4,1,75892,2,151784,4,2,octave (2:1),διὰ πασῶν,,,
617,6,-1,76137,7,152274,4,2,octave (2:1),διὰ πασῶν,,,
618,6,-1,76384,4,152768,8,4,fourth (4:3),διὰ τεσσάρων,,,
619,4,1,76633,3,153266,6,3,fifth (3:2),διὰ πέντε,,,
620,0,0,76880,0,153760,0,0,—,—,,,
621,4,1,77129,9,154258,8,4,fourth (4:3),διὰ τεσσάρων,,,
622,6,-1,77376,6,154752,2,1,unison (1:1),ὁμώνυμον,,,
623,6,-1,77625,5,155250,0,0,—,—,,,
624,4,1,77876,6,155752,2,1,unison (1:1),ὁμώνυμον,,,
625,0,0,78125,5,156250,0,0,—,—,,,
626,4,1,78376,6,156752,2,1,unison (1:1),ὁμώνυμον,,,
627,6,-1,78625,5,157250,0,0,—,—,,,
628,6,-1,78876,6,157752,2,1,unison (1:1),ὁμώνυμον,,,
629,4,1,79129,9,158258,8,4,fourth (4:3),διὰ τεσσάρων,,,
630,0,0,79380,0,158760,0,0,—,—,,,
631,4,1,79633,3,159266,6,3,fifth (3:2),διὰ πέντε,,,
632,6,-1,79884,4,159768,8,4,fourth (4:3),διὰ τεσσάρων,,,
633,6,-1,80137,7,160274,4,2,octave (2:1),διὰ πασῶν,,,
634,4,1,80392,2,160784,4,2,octave (2:1),διὰ πασῶν,,,
635,0,0,80645,5,161290,0,0,—,—,,,
636,4,1,80900,0,161800,0,0,—,—,,,
637,6,-1,81153,3,162306,6,3,fifth (3:2),διὰ πέντε,,,
638,6,-1,81408,8,162816,6,3,fifth (3:2),διὰ πέντε,,,
639,4,1,81665,5,163330,0,0,—,—,,,
640,0,0,81920,0,163840,0,0,—,—,,,
641,4,1,82177,7,164354,4,2,octave (2:1),διὰ πασῶν,,,
642,6,-1,82432,2,164864,4,2,octave (2:1),διὰ πασῶν,,,
643,6,-1,82689,9,165378,8,4,fourth (4:3),διὰ τεσσάρων,,,
644,4,1,82948,8,165896,6,3,fifth (3:2),διὰ πέντε,,,
645,0,0,83205,5,166410,0,0,—,—,,,
646,4,1,83464,4,166928,8,4,fourth (4:3),διὰ τεσσάρων,,,
647,6,-1,83721,1,167442,2,1,unison (1:1),ὁμώνυμον,,,
648,6,-1,83980,0,167960,0,0,—,—,,,
649,4,1,84241,1,168482,2,1,unison (1:1),ὁμώνυμον,,,
650,0,0,84500,0,169000,0,0,—,—,,,
651,4,1,84761,1,169522,2,1,unison (1:1),ὁμώνυμον,,,
652,6,-1,85020,0,170040,0,0,—,—,,,
653,6,-1,85281,1,170562,2,1,unison (1:1),ὁμώνυμον,,,
654,4,1,85544,4,171088,8,4,fourth (4:3),διὰ τεσσάρων,,,
655,0,0,85805,5,171610,0,0,—,—,,,
656,4,1,86068,8,172136,6,3,fifth (3:2),διὰ πέντε,,,
657,6,-1,86329,9,172658,8,4,fourth (4:3),διὰ τεσσάρων,,,
658,6,-1,86592,2,173184,4,2,octave (2:1),διὰ πασῶν,,,
659,4,1,86857,7,173714,4,2,octave (2:1),διὰ πασῶν,,,
660,0,0,87120,0,174240,0,0,—,—,,,
661,4,1,87385,5,174770,0,0,—,—,,,
662,6,-1,87648,8,175296,6,3,fifth (3:2),διὰ πέντε,,,
663,6,-1,87913,3,175826,6,3,fifth (3:2),διὰ πέντε,,,
664,4,1,88180,0,176360,0,0,—,—,,,
665,0,0,88445,5,176890,0,0,—,—,,,
666,4,1,88712,2,177424,4,2,octave (2:1),διὰ πασῶν,,,
667,6,-1,88977,7,177954,4,2,octave (2:1),διὰ πασῶν,,,
668,6,-1,89244,4,178488,8,4,fourth (4:3),διὰ τεσσάρων,,,
669,4,1,89513,3,179026,6,3,fifth (3:2),διὰ πέντε,,,
670,0,0,89780,0,179560,0,0,—,—,,,
671,4,1,90049,9,180098,8,4,fourth (4:3),διὰ τεσσάρων,,,
672,6,-1,90316,6,180632,2,1,unison (1:1),ὁμώνυμον,,,
673,6,-1,90585,5,181170,0,0,—,—,,,
674,4,1,90856,6,181712,2,1,unison (1:1),ὁμώνυμον,,,
675,0,0,91125,5,182250,0,0,—,—,,,
676,4,1,91396,6,182792,2,1,unison (1:1),ὁμώνυμον,,,
677,6,-1,91665,5,183330,0,0,—,—,,,
678,6,-1,91936,6,183872,2,1,unison (1:1),ὁμώνυμον,,,
679,4,1,92209,9,184418,8,4,fourth (4:3),διὰ τεσσάρων,,,
680,0,0,92480,0,184960,0,0,—,—,,,
681,4,1,92753,3,185506,6,3,fifth (3:2),διὰ πέντε,,,
682,6,-1,93024,4,186048,8,4,fourth (4:3),διὰ τεσσάρων,,,
683,6,-1,93297,7,186594,4,2,octave (2:1),διὰ πασῶν,,,
684,4,1,93572,2,187144,4,2,octave (2:1),διὰ πασῶν,,,
685,0,0,93845,5,187690,0,0,—,—,,,
686,4,1,94120,0,188240,0,0,—,—,,,
687,6,-1,94393,3,188786,6,3,fifth (3:2),διὰ πέντε,,,
688,6,-1,94668,8,189336,6,3,fifth (3:2),διὰ πέντε,,,
689,4,1,94945,5,189890,0,0,—,—,,,
690,0,0,95220,0,190440,0,0,—,—,,,
691,4,1,95497,7,190994,4,2,octave (2:1),διὰ πασῶν,,,
692,6,-1,95772,2,191544,4,2,octave (2:1),διὰ πασῶν,,,
693,6,-1,96049,9,192098,8,4,fourth (4:3),διὰ τεσσάρων,,,
694,4,1,96328,8,192656,6,3,fifth (3:2),διὰ πέντε,,,
695,0,0,96605,5,193210,0,0,—,—,,,
696,4,1,96884,4,193768,8,4,fourth (4:3),διὰ τεσσάρων,,,
697,6,-1,97161,1,194322,2,1,unison (1:1),ὁμώνυμον,,,
698,6,-1,97440,0,194880,0,0,—,—,,,
699,4,1,97721,1,195442,2,1,unison (1:1),ὁμώνυμον,,,
700,0,0,98000,0,196000,0,0,—,—,,,
701,4,1,98281,1,196562,2,1,unison (1:1),ὁμώνυμον,,,
702,6,-1,98560,0,197120,0,0,—,—,,,
703,6,-1,98841,1,197682,2,1,unison (1:1),ὁμώνυμον,,,
704,4,1,99124,4,198248,8,4,fourth (4:3),διὰ τεσσάρων,,,
705,0,0,99405,5,198810,0,0,—,—,,,
706,4,1,99688,8,199376,6,3,fifth (3:2),διὰ πέντε,,,
707,6,-1,99969,9,199938,8,4,fourth (4:3),διὰ τεσσάρων,,,
708,6,-1,100252,2,200504,4,2,octave (2:1),διὰ πασῶν,,,
709,4,1,100537,7,201074,4,2,octave (2:1),διὰ πασῶν,,,
710,0,0,100820,0,201640,0,0,—,—,,,
711,4,1,101105,5,202210,0,0,—,—,,,
712,6,-1,101388,8,202776,6,3,fifth (3:2),διὰ πέντε,,,
713,6,-1,101673,3,203346,6,3,fifth (3:2),διὰ πέντε,,,
714,4,1,101960,0,203920,0,0,—,—,,,
715,0,0,102245,5,204490,0,0,—,—,,,
716,4,1,102532,2,205064,4,2,octave (2:1),διὰ πασῶν,,,
717,6,-1,102817,7,205634,4,2,octave (2:1),διὰ πασῶν,,,
718,6,-1,103104,4,206208,8,4,fourth (4:3),διὰ τεσσάρων,,,
719,4,1,103393,3,206786,6,3,fifth (3:2),διὰ πέντε,,,
720,0,0,103680,0,207360,0,0,—,—,,,
721,4,1,103969,9,207938,8,4,fourth (4:3),διὰ τεσσάρων,,,
722,6,-1,104256,6,208512,2,1,unison (1:1),ὁμώνυμον,,,
723,6,-1,104545,5,209090,0,0,—,—,,,
724,4,1,104836,6,209672,2,1,unison (1:1),ὁμώνυμον,,,
725,0,0,105125,5,210250,0,0,—,—,,,
726,4,1,105416,6,210832,2,1,unison (1:1),ὁμώνυμον,,,
727,6,-1,105705,5,211410,0,0,—,—,,,
728,6,-1,105996,6,211992,2,1,unison (1:1),ὁμώνυμον,,,
729,4,1,106289,9,212578,8,4,fourth (4:3),διὰ τεσσάρων,,,
730,0,0,106580,0,213160,0,0,—,—,,,
731,4,1,106873,3,213746,6,3,fifth (3:2),διὰ πέντε,,,
732,6,-1,107164,4,214328,8,4,fourth (4:3),διὰ τεσσάρων,,,
733,6,-1,107457,7,214914,4,2,octave (2:1),διὰ πασῶν,,,
734,4,1,107752,2,215504,4,2,octave (2:1),διὰ πασῶν,,,
735,0,0,108045,5,216090,0,0,—,—,,,
736,4,1,108340,0,216680,0,0,—,—,,,
737,6,-1,108633,3,217266,6,3,fifth (3:2),διὰ πέντε,,,
738,6,-1,108928,8,217856,6,3,fifth (3:2),διὰ πέντε,,,
739,4,1,109225,5,218450,0,0,—,—,,,
740,0,0,109520,0,219040,0,0,—,—,,,
741,4,1,109817,7,219634,4,2,octave (2:1),διὰ πασῶν,,,
742,6,-1,110112,2,220224,4,2,octave (2:1),διὰ πασῶν,,,
743,6,-1,110409,9,220818,8,4,fourth (4:3),διὰ τεσσάρων,,,
744,4,1,110708,8,221416,6,3,fifth (3:2),διὰ πέντε,,,
745,0,0,111005,5,222010,0,0,—,—,,,
746,4,1,111304,4,222608,8,4,fourth (4:3),διὰ τεσσάρων,,,
747,6,-1,111601,1,223202,2,1,unison (1:1),ὁμώνυμον,,,
748,6,-1,111900,0,223800,0,0,—,—,,,
749,4,1,112201,1,224402,2,1,unison (1:1),ὁμώνυμον,,,
750,0,0,112500,0,225000,0,0,—,—,,,
751,4,1,112801,1,225602,2,1,unison (1:1),ὁμώνυμον,,,
752,6,-1,113100,0,226200,0,0,—,—,,,
753,6,-1,113401,1,226802,2,1,unison (1:1),ὁμώνυμον,,,
754,4,1,113704,4,227408,8,4,fourth (4:3),διὰ τεσσάρων,,,
755,0,0,114005,5,228010,0,0,—,—,,,
756,4,1,114308,8,228616,6,3,fifth (3:2),διὰ πέντε,,,
757,6,-1,114609,9,229218,8,4,fourth (4:3),διὰ τεσσάρων,,,
758,6,-1,114912,2,229824,4,2,octave (2:1),διὰ πασῶν,,,
759,4,1,115217,7,230434,4,2,octave (2:1),διὰ πασῶν,,,
760,0,0,115520,0,231040,0,0,—,—,,,
761,4,1,115825,5,231650,0,0,—,—,,,
762,6,-1,116128,8,232256,6,3,fifth (3:2),διὰ πέντε,,,
763,6,-1,116433,3,232866,6,3,fifth (3:2),διὰ πέντε,,,
764,4,1,116740,0,233480,0,0,—,—,,,
765,0,0,117045,5,234090,0,0,—,—,,,
766,4,1,117352,2,234704,4,2,octave (2:1),διὰ πασῶν,,,
767,6,-1,117657,7,235314,4,2,octave (2:1),διὰ πασῶν,,,
768,6,-1,117964,4,235928,8,4,fourth (4:3),διὰ τεσσάρων,,,
769,4,1,118273,3,236546,6,3,fifth (3:2),διὰ πέντε,,,
770,0,0,118580,0,237160,0,0,—,—,,,
771,4,1,118889,9,237778,8,4,fourth (4:3),διὰ τεσσάρων,,,
772,6,-1,119196,6,238392,2,1,unison (1:1),ὁμώνυμον,,,
773,6,-1,119505,5,239010,0,0,—,—,,,
774,4,1,119816,6,239632,2,1,unison (1:1),ὁμώνυμον,,,
775,0,0,120125,5,240250,0,0,—,—,,,
776,4,1,120436,6,240872,2,1,unison (1:1),ὁμώνυμον,,,
777,6,-1,120745,5,241490,0,0,—,—,,,
778,6,-1,121056,6,242112,2,1,unison (1:1),ὁμώνυμον,,,
779,4,1,121369,9,242738,8,4,fourth (4:3),διὰ τεσσάρων,,,
780,0,0,121680,0,243360,0,0,—,—,,,
781,4,1,121993,3,243986,6,3,fifth (3:2),διὰ πέντε,,,
782,6,-1,122304,4,244608,8,4,fourth (4:3),διὰ τεσσάρων,,,
783,6,-1,122617,7,245234,4,2,octave (2:1),διὰ πασῶν,,,
784,4,1,122932,2,245864,4,2,octave (2:1),διὰ πασῶν,,,
785,0,0,123245,5,246490,0,0,—,—,,,
786,4,1,123560,0,247120,0,0,—,—,,,
787,6,-1,123873,3,247746,6,3,fifth (3:2),διὰ πέντε,,,
788,6,-1,124188,8,248376,6,3,fifth (3:2),διὰ πέντε,,,
789,4,1,124505,5,249010,0,0,—,—,,,
790,0,0,124820,0,249640,0,0,—,—,,,
791,4,1,125137,7,250274,4,2,octave (2:1),διὰ πασῶν,,,
792,6,-1,125452,2,250904,4,2,octave (2:1),διὰ πασῶν,,,
793,6,-1,125769,9,251538,8,4,fourth (4:3),διὰ τεσσάρων,,,
794,4,1,126088,8,252176,6,3,fifth (3:2),διὰ πέντε,,,
795,0,0,126405,5,252810,0,0,—,—,,,
796,4,1,126724,4,253448,8,4,fourth (4:3),διὰ τεσσάρων,,,
797,6,-1,127041,1,254082,2,1,unison (1:1),ὁμώνυμον,,,
798,6,-1,127360,0,254720,0,0,—,—,,,
799,4,1,127681,1,255362,2,1,unison (1:1),ὁμώνυμον,,,
800,0,0,128000,0,256000,0,0,—,—,,,
801,4,1,128321,1,256642,2,1,unison (1:1),ὁμώνυμον,,,
802,6,-1,128640,0,257280,0,0,—,—,,,
803,6,-1,128961,1,257922,2,1,unison (1:1),ὁμώνυμον,,,
804,4,1,129284,4,258568,8,4,fourth (4:3),διὰ τεσσάρων,,,
805,0,0,129605,5,259210,0,0,—,—,,,
806,4,1,129928,8,259856,6,3,fifth (3:2),διὰ πέντε,,,
807,6,-1,130249,9,260498,8,4,fourth (4:3),διὰ τεσσάρων,,,
808,6,-1,130572,2,261144,4,2,octave (2:1),διὰ πασῶν,,,
809,4,1,130897,7,261794,4,2,octave (2:1),διὰ πασῶν,,,
810,0,0,131220,0,262440,0,0,—,—,,,
811,4,1,131545,5,263090,0,0,—,—,,,
812,6,-1,131868,8,263736,6,3,fifth (3:2),διὰ πέντε,,,
813,6,-1,132193,3,264386,6,3,fifth (3:2),διὰ πέντε,,,
814,4,1,132520,0,265040,0,0,—,—,,,
815,0,0,132845,5,265690,0,0,—,—,,,
816,4,1,133172,2,266344,4,2,octave (2:1),διὰ πασῶν,,,
817,6,-1,133497,7,266994,4,2,octave (2:1),διὰ πασῶν,,,
818,6,-1,133824,4,267648,8,4,fourth (4:3),διὰ τεσσάρων,,,
819,4,1,134153,3,268306,6,3,fifth (3:2),διὰ πέντε,,,
820,0,0,134480,0,268960,0,0,—,—,,,
821,4,1,134809,9,269618,8,4,fourth (4:3),διὰ τεσσάρων,,,
822,6,-1,135136,6,270272,2,1,unison (1:1),ὁμώνυμον,,,
823,6,-1,135465,5,270930,0,0,—,—,,,
824,4,1,135796,6,271592,2,1,unison (1:1),ὁμώνυμον,,,
825,0,0,136125,5,272250,0,0,—,—,,,
826,4,1,136456,6,272912,2,1,unison (1:1),ὁμώνυμον,,,
827,6,-1,136785,5,273570,0,0,—,—,,,
828,6,-1,137116,6,274232,2,1,unison (1:1),ὁμώνυμον,,,
829,4,1,137449,9,274898,8,4,fourth (4:3),διὰ τεσσάρων,,,
830,0,0,137780,0,275560,0,0,—,—,,,
831,4,1,138113,3,276226,6,3,fifth (3:2),διὰ πέντε,,,
832,6,-1,138444,4,276888,8,4,fourth (4:3),διὰ τεσσάρων,,,
833,6,-1,138777,7,277554,4,2,octave (2:1),διὰ πασῶν,,,
834,4,1,139112,2,278224,4,2,octave (2:1),διὰ πασῶν,,,
835,0,0,139445,5,278890,0,0,—,—,,,
836,4,1,139780,0,279560,0,0,—,—,,,
837,6,-1,140113,3,280226,6,3,fifth (3:2),διὰ πέντε,,,
838,6,-1,140448,8,280896,6,3,fifth (3:2),διὰ πέντε,,,
839,4,1,140785,5,281570,0,0,—,—,,,
840,0,0,141120,0,282240,0,0,—,—,,,
841,4,1,141457,7,282914,4,2,octave (2:1),διὰ πασῶν,,,
842,6,-1,141792,2,283584,4,2,octave (2:1),διὰ πασῶν,,,
843,6,-1,142129,9,284258,8,4,fourth (4:3),διὰ τεσσάρων,,,
844,4,1,142468,8,284936,6,3,fifth (3:2),διὰ πέντε,,,
845,0,0,142805,5,285610,0,0,—,—,,,
846,4,1,143144,4,286288,8,4,fourth (4:3),διὰ τεσσάρων,,,
847,6,-1,143481,1,286962,2,1,unison (1:1),ὁμώνυμον,,,
848,6,-1,143820,0,287640,0,0,—,—,,,
849,4,1,144161,1,288322,2,1,unison (1:1),ὁμώνυμον,,,
850,0,0,144500,0,289000,0,0,—,—,,,
851,4,1,144841,1,289682,2,1,unison (1:1),ὁμώνυμον,,,
852,6,-1,145180,0,290360,0,0,—,—,,,
853,6,-1,145521,1,291042,2,1,unison (1:1),ὁμώνυμον,,,
854,4,1,145864,4,291728,8,4,fourth (4:3),διὰ τεσσάρων,,,
855,0,0,146205,5,292410,0,0,—,—,,,
856,4,1,146548,8,293096,6,3,fifth (3:2),διὰ πέντε,,,
857,6,-1,146889,9,293778,8,4,fourth (4:3),διὰ τεσσάρων,,,
858,6,-1,147232,2,294464,4,2,octave (2:1),διὰ πασῶν,,,
859,4,1,147577,7,295154,4,2,octave (2:1),διὰ πασῶν,,,
860,0,0,147920,0,295840,0,0,—,—,,,
861,4,1,148265,5,296530,0,0,—,—,,,
862,6,-1,148608,8,297216,6,3,fifth (3:2),διὰ πέντε,,,
863,6,-1,148953,3,297906,6,3,fifth (3:2),διὰ πέντε,,,
864,4,1,149300,0,298600,0,0,—,—,,,
865,0,0,149645,5,299290,0,0,—,—,,,
866,4,1,149992,2,299984,4,2,octave (2:1),διὰ πασῶν,,,
867,6,-1,150337,7,300674,4,2,octave (2:1),διὰ πασῶν,,,
868,6,-1,150684,4,301368,8,4,fourth (4:3),διὰ τεσσάρων,,,
869,4,1,151033,3,302066,6,3,fifth (3:2),διὰ πέντε,,,
870,0,0,151380,0,302760,0,0,—,—,,,
871,4,1,151729,9,303458,8,4,fourth (4:3),διὰ τεσσάρων,,,
872,6,-1,152076,6,304152,2,1,unison (1:1),ὁμώνυμον,,,
873,6,-1,152425,5,304850,0,0,—,—,,,
874,4,1,152776,6,305552,2,1,unison (1:1),ὁμώνυμον,,,
875,0,0,153125,5,306250,0,0,—,—,,,
876,4,1,153476,6,306952,2,1,unison (1:1),ὁμώνυμον,,,
877,6,-1,153825,5,307650,0,0,—,—,,,
878,6,-1,154176,6,308352,2,1,unison (1:1),ὁμώνυμον,,,
879,4,1,154529,9,309058,8,4,fourth (4:3),διὰ τεσσάρων,,,
880,0,0,154880,0,309760,0,0,—,—,,,
881,4,1,155233,3,310466,6,3,fifth (3:2),διὰ πέντε,,,
882,6,-1,155584,4,311168,8,4,fourth (4:3),διὰ τεσσάρων,,,
883,6,-1,155937,7,311874,4,2,octave (2:1),διὰ πασῶν,,,
884,4,1,156292,2,312584,4,2,octave (2:1),διὰ πασῶν,,,
885,0,0,156645,5,313290,0,0,—,—,,,
886,4,1,157000,0,314000,0,0,—,—,,,
887,6,-1,157353,3,314706,6,3,fifth (3:2),διὰ πέντε,,,
888,6,-1,157708,8,315416,6,3,fifth (3:2),διὰ πέντε,,,
889,4,1,158065,5,316130,0,0,—,—,,,
890,0,0,158420,0,316840,0,0,—,—,,,
891,4,1,158777,7,317554,4,2,octave (2:1),διὰ πασῶν,,,
892,6,-1,159132,2,318264,4,2,octave (2:1),διὰ πασῶν,,,
893,6,-1,159489,9,318978,8,4,fourth (4:3),διὰ τεσσάρων,,,
894,4,1,159848,8,319696,6,3,fifth (3:2),διὰ πέντε,,,
895,0,0,160205,5,320410,0,0,—,—,,,
896,4,1,160564,4,321128,8,4,fourth (4:3),διὰ τεσσάρων,,,
897,6,-1,160921,1,321842,2,1,unison (1:1),ὁμώνυμον,,,
898,6,-1,161280,0,322560,0,0,—,—,,,
899,4,1,161641,1,323282,2,1,unison (1:1),ὁμώνυμον,,,
900,0,0,162000,0,324000,0,0,—,—,,,
901,4,1,162361,1,324722,2,1,unison (1:1),ὁμώνυμον,,,
902,6,-1,162720,0,325440,0,0,—,—,,,
903,6,-1,163081,1,326162,2,1,unison (1:1),ὁμώνυμον,,,
904,4,1,163444,4,326888,8,4,fourth (4:3),διὰ τεσσάρων,,,
905,0,0,163805,5,327610,0,0,—,—,,,
906,4,1,164168,8,328336,6,3,fifth (3:2),διὰ πέντε,,,
907,6,-1,164529,9,329058,8,4,fourth (4:3),διὰ τεσσάρων,,,
908,6,-1,164892,2,329784,4,2,octave (2:1),διὰ πασῶν,,,
909,4,1,165257,7,330514,4,2,octave (2:1),διὰ πασῶν,,,
910,0,0,165620,0,331240,0,0,—,—,,,
911,4,1,165985,5,331970,0,0,—,—,,,
912,6,-1,166348,8,332696,6,3,fifth (3:2),διὰ πέντε,,,
913,6,-1,166713,3,333426,6,3,fifth (3:2),διὰ πέντε,,,
914,4,1,167080,0,334160,0,0,—,—,,,
915,0,0,167445,5,334890,0,0,—,—,,,
916,4,1,167812,2,335624,4,2,octave (2:1),διὰ πασῶν,,,
917,6,-1,168177,7,336354,4,2,octave (2:1),διὰ πασῶν,,,
918,6,-1,168544,4,337088,8,4,fourth (4:3),διὰ τεσσάρων,,,
919,4,1,168913,3,337826,6,3,fifth (3:2),διὰ πέντε,,,
920,0,0,169280,0,338560,0,0,—,—,,,
921,4,1,169649,9,339298,8,4,fourth (4:3),διὰ τεσσάρων,,,
922,6,-1,170016,6,340032,2,1,unison (1:1),ὁμώνυμον,,,
923,6,-1,170385,5,340770,0,0,—,—,,,
924,4,1,170756,6,341512,2,1,unison (1:1),ὁμώνυμον,,,
925,0,0,171125,5,342250,0,0,—,—,,,
926,4,1,171496,6,342992,2,1,unison (1:1),ὁμώνυμον,,,
927,6,-1,171865,5,343730,0,0,—,—,,,
928,6,-1,172236,6,344472,2,1,unison (1:1),ὁμώνυμον,,,
929,4,1,172609,9,345218,8,4,fourth (4:3),διὰ τεσσάρων,,,
930,0,0,172980,0,345960,0,0,—,—,,,
931,4,1,173353,3,346706,6,3,fifth (3:2),διὰ πέντε,,,
932,6,-1,173724,4,347448,8,4,fourth (4:3),διὰ τεσσάρων,,,
933,6,-1,174097,7,348194,4,2,octave (2:1),διὰ πασῶν,,,
934,4,1,174472,2,348944,4,2,octave (2:1),διὰ πασῶν,,,
935,0,0,174845,5,349690,0,0,—,—,,,
936,4,1,175220,0,350440,0,0,—,—,,,
937,6,-1,175593,3,351186,6,3,fifth (3:2),διὰ πέντε,,,
938,6,-1,175968,8,351936,6,3,fifth (3:2),διὰ πέντε,,,
939,4,1,176345,5,352690,0,0,—,—,,,
940,0,0,176720,0,353440,0,0,—,—,,,
941,4,1,177097,7,354194,4,2,octave (2:1),διὰ πασῶν,,,
942,6,-1,177472,2,354944,4,2,octave (2:1),διὰ πασῶν,,,
943,6,-1,177849,9,355698,8,4,fourth (4:3),διὰ τεσσάρων,,,
944,4,1,178228,8,356456,6,3,fifth (3:2),διὰ πέντε,,,
945,0,0,178605,5,357210,0,0,—,—,,,
946,4,1,178984,4,357968,8,4,fourth (4:3),διὰ τεσσάρων,,,
947,6,-1,179361,1,358722,2,1,unison (1:1),ὁμώνυμον,,,
948,6,-1,179740,0,359480,0,0,—,—,,,
949,4,1,180121,1,360242,2,1,unison (1:1),ὁμώνυμον,,,
950,0,0,180500,0,361000,0,0,—,—,,,
951,4,1,180881,1,361762,2,1,unison (1:1),ὁμώνυμον,,,
952,6,-1,181260,0,362520,0,0,—,—,,,
953,6,-1,181641,1,363282,2,1,unison (1:1),ὁμώνυμον,,,
954,4,1,182024,4,364048,8,4,fourth (4:3),διὰ τεσσάρων,,,
955,0,0,182405,5,364810,0,0,—,—,,,
956,4,1,182788,8,365576,6,3,fifth (3:2),διὰ πέντε,,,
957,6,-1,183169,9,366338,8,4,fourth (4:3),διὰ τεσσάρων,,,
958,6,-1,183552,2,367104,4,2,octave (2:1),διὰ πασῶν,,,
959,4,1,183937,7,367874,4,2,octave (2:1),διὰ πασῶν,,,
960,0,0,184320,0,368640,0,0,—,—,,,
961,4,1,184705,5,369410,0,0,—,—,,,
962,6,-1,185088,8,370176,6,3,fifth (3:2),διὰ πέντε,,,
963,6,-1,185473,3,370946,6,3,fifth (3:2),διὰ πέντε,,,
964,4,1,185860,0,371720,0,0,—,—,,,
965,0,0,186245,5,372490,0,0,—,—,,,
966,4,1,186632,2,373264,4,2,octave (2:1),διὰ πασῶν,,,
967,6,-1,187017,7,374034,4,2,octave (2:1),διὰ πασῶν,,,
968,6,-1,187404,4,374808,8,4,fourth (4:3),διὰ τεσσάρων,,,
969,4,1,187793,3,375586,6,3,fifth (3:2),διὰ πέντε,,,
970,0,0,188180,0,376360,0,0,—,—,,,
971,4,1,188569,9,377138,8,4,fourth (4:3),διὰ τεσσάρων,,,
972,6,-1,188956,6,377912,2,1,unison (1:1),ὁμώνυμον,,,
973,6,-1,189345,5,378690,0,0,—,—,,,
974,4,1,189736,6,379472,2,1,unison (1:1),ὁμώνυμον,,,
975,0,0,190125,5,380250,0,0,—,—,,,
976,4,1,190516,6,381032,2,1,unison (1:1),ὁμώνυμον,,,
977,6,-1,190905,5,381810,0,0,—,—,,,
978,6,-1,191296,6,382592,2,1,unison (1:1),ὁμώνυμον,,,
979,4,1,191689,9,383378,8,4,fourth (4:3),διὰ τεσσάρων,,,
980,0,0,192080,0,384160,0,0,—,—,,,
981,4,1,192473,3,384946,6,3,fifth (3:2),διὰ πέντε,,,
982,6,-1,192864,4,385728,8,4,fourth (4:3),διὰ τεσσάρων,,,
983,6,-1,193257,7,386514,4,2,octave (2:1),διὰ πασῶν,,,
984,4,1,193652,2,387304,4,2,octave (2:1),διὰ πασῶν,,,
985,0,0,194045,5,388090,0,0,—,—,,,
986,4,1,194440,0,388880,0,0,—,—,,,
987,6,-1,194833,3,389666,6,3,fifth (3:2),διὰ πέντε,,,
988,6,-1,195228,8,390456,6,3,fifth (3:2),διὰ πέντε,,,
989,4,1,195625,5,391250,0,0,—,—,,,
990,0,0,196020,0,392040,0,0,—,—,,,
991,4,1,196417,7,392834,4,2,octave (2:1),διὰ πασῶν,,,
992,6,-1,196812,2,393624,4,2,octave (2:1),διὰ πασῶν,,,
993,6,-1,197209,9,394418,8,4,fourth (4:3),διὰ τεσσάρων,,,
994,4,1,197608,8,395216,6,3,fifth (3:2),διὰ πέντε,,,
995,0,0,198005,5,396010,0,0,—,—,,,
996,4,1,198404,4,396808,8,4,fourth (4:3),διὰ τεσσάρων,,,
997,6,-1,198801,1,397602,2,1,unison (1:1),ὁμώνυμον,,,
998,6,-1,199200,0,398400,0,0,—,—,,,
999,4,1,199601,1,399202,2,1,unison (1:1),ὁμώνυμον,,,
1000,0,0,200000,0,400000,0,0,—,—,,,
1001,4,1,200401,1,400802,2,1,unison (1:1),ὁμώνυμον,,,
1002,6,-1,200800,0,401600,0,0,—,—,,,
1003,6,-1,201201,1,402402,2,1,unison (1:1),ὁμώνυμον,,,
1004,4,1,201604,4,403208,8,4,fourth (4:3),διὰ τεσσάρων,,,
1005,0,0,202005,5,404010,0,0,—,—,,,
1006,4,1,202408,8,404816,6,3,fifth (3:2),διὰ πέντε,,,
1007,6,-1,202809,9,405618,8,4,fourth (4:3),διὰ τεσσάρων,,,
1008,6,-1,203212,2,406424,4,2,octave (2:1),διὰ πασῶν,,,
1009,4,1,203617,7,407234,4,2,octave (2:1),διὰ πασῶν,,,
1010,0,0,204020,0,408040,0,0,—,—,,,
1011,4,1,204425,5,408850,0,0,—,—,,,
1012,6,-1,204828,8,409656,6,3,fifth (3:2),διὰ πέντε,,,
1013,6,-1,205233,3,410466,6,3,fifth (3:2),διὰ πέντε,,,
1014,4,1,205640,0,411280,0,0,—,—,,,
1015,0,0,206045,5,412090,0,0,—,—,,,
1016,4,1,206452,2,412904,4,2,octave (2:1),διὰ πασῶν,,,
1017,6,-1,206857,7,413714,4,2,octave (2:1),διὰ πασῶν,,,
1018,6,-1,207264,4,414528,8,4,fourth (4:3),διὰ τεσσάρων,,,
1019,4,1,207673,3,415346,6,3,fifth (3:2),διὰ πέντε,,,
1020,0,0,208080,0,416160,0,0,—,—,,,
1021,4,1,208489,9,416978,8,4,fourth (4:3),διὰ τεσσάρων,,,
1022,6,-1,208896,6,417792,2,1,unison (1:1),ὁμώνυμον,,,
1023,6,-1,209305,5,418610,0,0,—,—,,,
1024,4,1,209716,6,419432,2,1,unison (1:1),ὁμώνυμον,,,
1025,0,0,210125,5,420250,0,0,—,—,,,
1026,4,1,210536,6,421072,2,1,unison (1:1),ὁμώνυμον,,,
1027,6,-1,210945,5,421890,0,0,—,—,,,
1028,6,-1,211356,6,422712,2,1,unison (1:1),ὁμώνυμον,,,
1029,4,1,211769,9,423538,8,4,fourth (4:3),διὰ τεσσάρων,,,
1030,0,0,212180,0,424360,0,0,—,—,,,
1031,4,1,212593,3,425186,6,3,fifth (3:2),διὰ πέντε,,,
1032,6,-1,213004,4,426008,8,4,fourth (4:3),διὰ τεσσάρων,,,
1033,6,-1,213417,7,426834,4,2,octave (2:1),διὰ πασῶν,,,
1034,4,1,213832,2,427664,4,2,octave (2:1),διὰ πασῶν,,,
1035,0,0,214245,5,428490,0,0,—,—,,,
1036,4,1,214660,0,429320,0,0,—,—,,,
1037,6,-1,215073,3,430146,6,3,fifth (3:2),διὰ πέντε,,,
1038,6,-1,215488,8,430976,6,3,fifth (3:2),διὰ πέντε,,,
1039,4,1,215905,5,431810,0,0,—,—,,,
1040,0,0,216320,0,432640,0,0,—,—,,,
1041,4,1,216737,7,433474,4,2,octave (2:1),διὰ πασῶν,,,
1042,6,-1,217152,2,434304,4,2,octave (2:1),διὰ πασῶν,,,
1043,6,-1,217569,9,435138,8,4,fourth (4:3),διὰ τεσσάρων,,,
1044,4,1,217988,8,435976,6,3,fifth (3:2),διὰ πέντε,,,
1045,0,0,218405,5,436810,0,0,—,—,,,
1046,4,1,218824,4,437648,8,4,fourth (4:3),διὰ τεσσάρων,,,
1047,6,-1,219241,1,438482,2,1,unison (1:1),ὁμώνυμον,,,
1048,6,-1,219660,0,439320,0,0,—,—,,,
1049,4,1,220081,1,440162,2,1,unison (1:1),ὁμώνυμον,,,
1050,0,0,220500,0,441000,0,0,—,—,,,
1051,4,1,220921,1,441842,2,1,unison (1:1),ὁμώνυμον,,,
1052,6,-1,221340,0,442680,0,0,—,—,,,
1053,6,-1,221761,1,443522,2,1,unison (1:1),ὁμώνυμον,,,
1054,4,1,222184,4,444368,8,4,fourth (4:3),διὰ τεσσάρων,,,
1055,0,0,222605,5,445210,0,0,—,—,,,
1056,4,1,223028,8,446056,6,3,fifth (3:2),διὰ πέντε,,,
1057,6,-1,223449,9,446898,8,4,fourth (4:3),διὰ τεσσάρων,,,
1058,6,-1,223872,2,447744,4,2,octave (2:1),διὰ πασῶν,,,
1059,4,1,224297,7,448594,4,2,octave (2:1),διὰ πασῶν,,,
1060,0,0,224720,0,449440,0,0,—,—,,,
1061,4,1,225145,5,450290,0,0,—,—,,,
1062,6,-1,225568,8,451136,6,3,fifth (3:2),διὰ πέντε,,,
1063,6,-1,225993,3,451986,6,3,fifth (3:2),διὰ πέντε,,,
1064,4,1,226420,0,452840,0,0,—,—,,,
1065,0,0,226845,5,453690,0,0,—,—,,,
1066,4,1,227272,2,454544,4,2,octave (2:1),διὰ πασῶν,,,
1067,6,-1,227697,7,455394,4,2,octave (2:1),διὰ πασῶν,,,
1068,6,-1,228124,4,456248,8,4,fourth (4:3),διὰ τεσσάρων,,,
1069,4,1,228553,3,457106,6,3,fifth (3:2),διὰ πέντε,,,
1070,0,0,228980,0,457960,0,0,—,—,,,
1071,4,1,229409,9,458818,8,4,fourth (4:3),διὰ τεσσάρων,,,
1072,6,-1,229836,6,459672,2,1,unison (1:1),ὁμώνυμον,,,
1073,6,-1,230265,5,460530,0,0,—,—,,,
1074,4,1,230696,6,461392,2,1,unison (1:1),ὁμώνυμον,,,
1075,0,0,231125,5,462250,0,0,—,—,,,
1076,4,1,231556,6,463112,2,1,unison (1:1),ὁμώνυμον,,,
1077,6,-1,231985,5,463970,0,0,—,—,,,
1078,6,-1,232416,6,464832,2,1,unison (1:1),ὁμώνυμον,,,
1079,4,1,232849,9,465698,8,4,fourth (4:3),διὰ τεσσάρων,,,
1080,0,0,233280,0,466560,0,0,—,—,,,
1081,4,1,233713,3,467426,6,3,fifth (3:2),διὰ πέντε,,,
1082,6,-1,234144,4,468288,8,4,fourth (4:3),διὰ τεσσάρων,,,
1083,6,-1,234577,7,469154,4,2,octave (2:1),διὰ πασῶν,,,
1084,4,1,235012,2,470024,4,2,octave (2:1),διὰ πασῶν,,,
1085,0,0,235445,5,470890,0,0,—,—,,,
1086,4,1,235880,0,471760,0,0,—,—,,,
1087,6,-1,236313,3,472626,6,3,fifth (3:2),διὰ πέντε,,,
1088,6,-1,236748,8,473496,6,3,fifth (3:2),διὰ πέντε,,,
1089,4,1,237185,5,474370,0,0,—,—,,,
1090,0,0,237620,0,475240,0,0,—,—,,,
1091,4,1,238057,7,476114,4,2,octave (2:1),διὰ πασῶν,,,
1092,6,-1,238492,2,476984,4,2,octave (2:1),διὰ πασῶν,,,
1093,6,-1,238929,9,477858,8,4,fourth (4:3),διὰ τεσσάρων,,,
1094,4,1,239368,8,478736,6,3,fifth (3:2),διὰ πέντε,,,
1095,0,0,239805,5,479610,0,0,—,—,,,
1096,4,1,240244,4,480488,8,4,fourth (4:3),διὰ τεσσάρων,,,
1097,6,-1,240681,1,481362,2,1,unison (1:1),ὁμώνυμον,,,
1098,6,-1,241120,0,482240,0,0,—,—,,,
1099,4,1,241561,1,483122,2,1,unison (1:1),ὁμώνυμον,,,
1100,0,0,242000,0,484000,0,0,—,—,,,
1101,4,1,242441,1,484882,2,1,unison (1:1),ὁμώνυμον,,,
1102,6,-1,242880,0,485760,0,0,—,—,,,
1103,6,-1,243321,1,486642,2,1,unison (1:1),ὁμώνυμον,,,
1104,4,1,243764,4,487528,8,4,fourth (4:3),διὰ τεσσάρων,,,
1105,0,0,244205,5,488410,0,0,—,—,,,
1106,4,1,244648,8,489296,6,3,fifth (3:2),διὰ πέντε,,,
1107,6,-1,245089,9,490178,8,4,fourth (4:3),διὰ τεσσάρων,,,
1108,6,-1,245532,2,491064,4,2,octave (2:1),διὰ πασῶν,,,
1109,4,1,245977,7,491954,4,2,octave (2:1),διὰ πασῶν,,,
1110,0,0,246420,0,492840,0,0,—,—,,,
1111,4,1,246865,5,493730,0,0,—,—,,,
1112,6,-1,247308,8,494616,6,3,fifth (3:2),διὰ πέντε,,,
1113,6,-1,247753,3,495506,6,3,fifth (3:2),διὰ πέντε,,,
1114,4,1,248200,0,496400,0,0,—,—,,,
1115,0,0,248645,5,497290,0,0,—,—,,,
1116,4,1,249092,2,498184,4,2,octave (2:1),διὰ πασῶν,,,
1117,6,-1,249537,7,499074,4,2,octave (2:1),διὰ πασῶν,,,
1118,6,-1,249984,4,499968,8,4,fourth (4:3),διὰ τεσσάρων,,,
1119,4,1,250433,3,500866,6,3,fifth (3:2),διὰ πέντε,,,
1120,0,0,250880,0,501760,0,0,—,—,,,
1121,4,1,251329,9,502658,8,4,fourth (4:3),διὰ τεσσάρων,,,
1122,6,-1,251776,6,503552,2,1,unison (1:1),ὁμώνυμον,,,
1123,6,-1,252225,5,504450,0,0,—,—,,,
1124,4,1,252676,6,505352,2,1,unison (1:1),ὁμώνυμον,,,
1125,0,0,253125,5,506250,0,0,—,—,,,
1126,4,1,253576,6,507152,2,1,unison (1:1),ὁμώνυμον,,,
1127,6,-1,254025,5,508050,0,0,—,—,,,
1128,6,-1,254476,6,508952,2,1,unison (1:1),ὁμώνυμον,,,
1129,4,1,254929,9,509858,8,4,fourth (4:3),διὰ τεσσάρων,,,
1130,0,0,255380,0,510760,0,0,—,—,,,
1131,4,1,255833,3,511666,6,3,fifth (3:2),διὰ πέντε,,,
1132,6,-1,256284,4,512568,8,4,fourth (4:3),διὰ τεσσάρων,,,
1133,6,-1,256737,7,513474,4,2,octave (2:1),διὰ πασῶν,,,
1134,4,1,257192,2,514384,4,2,octave (2:1),διὰ πασῶν,,,
1135,0,0,257645,5,515290,0,0,—,—,,,
1136,4,1,258100,0,516200,0,0,—,—,,,
1137,6,-1,258553,3,517106,6,3,fifth (3:2),διὰ πέντε,,,
1138,6,-1,259008,8,518016,6,3,fifth (3:2),διὰ πέντε,,,
1139,4,1,259465,5,518930,0,0,—,—,,,
1140,0,0,259920,0,519840,0,0,—,—,,,
1141,4,1,260377,7,520754,4,2,octave (2:1),διὰ πασῶν,,,
1142,6,-1,260832,2,521664,4,2,octave (2:1),διὰ πασῶν,,,
1143,6,-1,261289,9,522578,8,4,fourth (4:3),διὰ τεσσάρων,,,
1144,4,1,261748,8,523496,6,3,fifth (3:2),διὰ πέντε,,,
1145,0,0,262205,5,524410,0,0,—,—,,,
1146,4,1,262664,4,525328,8,4,fourth (4:3),διὰ τεσσάρων,,,
1147,6,-1,263121,1,526242,2,1,unison (1:1),ὁμώνυμον,,,
1148,6,-1,263580,0,527160,0,0,—,—,,,
1149,4,1,264041,1,528082,2,1,unison (1:1),ὁμώνυμον,,,
1150,0,0,264500,0,529000,0,0,—,—,,,
1151,4,1,264961,1,529922,2,1,unison (1:1),ὁμώνυμον,,,
1152,6,-1,265420,0,530840,0,0,—,—,,,
1153,6,-1,265881,1,531762,2,1,unison (1:1),ὁμώνυμον,,,
1154,4,1,266344,4,532688,8,4,fourth (4:3),διὰ τεσσάρων,,,
1155,0,0,266805,5,533610,0,0,—,—,,,
1156,4,1,267268,8,534536,6,3,fifth (3:2),διὰ πέντε,,,
1157,6,-1,267729,9,535458,8,4,fourth (4:3),διὰ τεσσάρων,,,
1158,6,-1,268192,2,536384,4,2,octave (2:1),διὰ πασῶν,,,
1159,4,1,268657,7,537314,4,2,octave (2:1),διὰ πασῶν,,,
1160,0,0,269120,0,538240,0,0,—,—,,,
1161,4,1,269585,5,539170,0,0,—,—,,,
1162,6,-1,270048,8,540096,6,3,fifth (3:2),διὰ πέντε,,,
1163,6,-1,270513,3,541026,6,3,fifth (3:2),διὰ πέντε,,,
1164,4,1,270980,0,541960,0,0,—,—,,,
1165,0,0,271445,5,542890,0,0,—,—,,,
1166,4,1,271912,2,543824,4,2,octave (2:1),διὰ πασῶν,,,
1167,6,-1,272377,7,544754,4,2,octave (2:1),διὰ πασῶν,,,
1168,6,-1,272844,4,545688,8,4,fourth (4:3),διὰ τεσσάρων,,,
1169,4,1,273313,3,546626,6,3,fifth (3:2),διὰ πέντε,,,
1170,0,0,273780,0,547560,0,0,—,—,,,
1171,4,1,274249,9,548498,8,4,fourth (4:3),διὰ τεσσάρων,,,
1172,6,-1,274716,6,549432,2,1,unison (1:1),ὁμώνυμον,,,
1173,6,-1,275185,5,550370,0,0,—,—,,,
1174,4,1,275656,6,551312,2,1,unison (1:1),ὁμώνυμον,,,
1175,0,0,276125,5,552250,0,0,—,—,,,
1176,4,1,276596,6,553192,2,1,unison (1:1),ὁμώνυμον,,,
1177,6,-1,277065,5,554130,0,0,—,—,,,
1178,6,-1,277536,6,555072,2,1,unison (1:1),ὁμώνυμον,,,
1179,4,1,278009,9,556018,8,4,fourth (4:3),διὰ τεσσάρων,,,
1180,0,0,278480,0,556960,0,0,—,—,,,
1181,4,1,278953,3,557906,6,3,fifth (3:2),διὰ πέντε,,,
1182,6,-1,279424,4,558848,8,4,fourth (4:3),διὰ τεσσάρων,,,
1183,6,-1,279897,7,559794,4,2,octave (2:1),διὰ πασῶν,,,
1184,4,1,280372,2,560744,4,2,octave (2:1),διὰ πασῶν,,,
1185,0,0,280845,5,561690,0,0,—,—,,,
1186,4,1,281320,0,562640,0,0,—,—,,,
1187,6,-1,281793,3,563586,6,3,fifth (3:2),διὰ πέντε,,,
1188,6,-1,282268,8,564536,6,3,fifth (3:2),διὰ πέντε,,,
1189,4,1,282745,5,565490,0,0,—,—,,,
1190,0,0,283220,0,566440,0,0,—,—,,,
1191,4,1,283697,7,567394,4,2,octave (2:1),διὰ πασῶν,,,
1192,6,-1,284172,2,568344,4,2,octave (2:1),διὰ πασῶν,,,
1193,6,-1,284649,9,569298,8,4,fourth (4:3),διὰ τεσσάρων,,,
1194,4,1,285128,8,570256,6,3,fifth (3:2),διὰ πέντε,,,
1195,0,0,285605,5,571210,0,0,—,—,,,
1196,4,1,286084,4,572168,8,4,fourth (4:3),διὰ τεσσάρων,,,
1197,6,-1,286561,1,573122,2,1,unison (1:1),ὁμώνυμον,,,
1198,6,-1,287040,0,574080,0,0,—,—,,,
1199,4,1,287521,1,575042,2,1,unison (1:1),ὁμώνυμον,,,
1200,0,0,288000,0,576000,0,0,—,—,,,
1201,4,1,288481,1,576962,2,1,unison (1:1),ὁμώνυμον,,,
1202,6,-1,288960,0,577920,0,0,—,—,,,
1203,6,-1,289441,1,578882,2,1,unison (1:1),ὁμώνυμον,,,
1204,4,1,289924,4,579848,8,4,fourth (4:3),διὰ τεσσάρων,,,
1205,0,0,290405,5,580810,0,0,—,—,,,
1206,4,1,290888,8,581776,6,3,fifth (3:2),διὰ πέντε,,,
1207,6,-1,291369,9,582738,8,4,fourth (4:3),διὰ τεσσάρων,,,
1208,6,-1,291852,2,583704,4,2,octave (2:1),διὰ πασῶν,,,
1209,4,1,292337,7,584674,4,2,octave (2:1),διὰ πασῶν,,,
1210,0,0,292820,0,585640,0,0,—,—,,,
1211,4,1,293305,5,586610,0,0,—,—,,,
1212,6,-1,293788,8,587576,6,3,fifth (3:2),διὰ πέντε,,,
1213,6,-1,294273,3,588546,6,3,fifth (3:2),διὰ πέντε,,,
1214,4,1,294760,0,589520,0,0,—,—,,,
1215,0,0,295245,5,590490,0,0,—,—,,,
1216,4,1,295732,2,591464,4,2,octave (2:1),διὰ πασῶν,,,
1217,6,-1,296217,7,592434,4,2,octave (2:1),διὰ πασῶν,,,
1218,6,-1,296704,4,593408,8,4,fourth (4:3),διὰ τεσσάρων,,,
1219,4,1,297193,3,594386,6,3,fifth (3:2),διὰ πέντε,,,
1220,0,0,297680,0,595360,0,0,—,—,,,
1221,4,1,298169,9,596338,8,4,fourth (4:3),διὰ τεσσάρων,,,
1222,6,-1,298656,6,597312,2,1,unison (1:1),ὁμώνυμον,,,
1223,6,-1,299145,5,598290,0,0,—,—,,,
1224,4,1,299636,6,599272,2,1,unison (1:1),ὁμώνυμον,,,
1225,0,0,300125,5,600250,0,0,—,—,,,
1226,4,1,300616,6,601232,2,1,unison (1:1),ὁμώνυμον,,,
1227,6,-1,301105,5,602210,0,0,—,—,,,
1228,6,-1,301596,6,603192,2,1,unison (1:1),ὁμώνυμον,,,
1229,4,1,302089,9,604178,8,4,fourth (4:3),διὰ τεσσάρων,,,
1230,0,0,302580,0,605160,0,0,—,—,,,
1231,4,1,303073,3,606146,6,3,fifth (3:2),διὰ πέντε,,,
1232,6,-1,303564,4,607128,8,4,fourth (4:3),διὰ τεσσάρων,,,
1233,6,-1,304057,7,608114,4,2,octave (2:1),διὰ πασῶν,,,
1234,4,1,304552,2,609104,4,2,octave (2:1),διὰ πασῶν,,,
1235,0,0,305045,5,610090,0,0,—,—,,,
1236,4,1,305540,0,611080,0,0,—,—,,,
1237,6,-1,306033,3,612066,6,3,fifth (3:2),διὰ πέντε,,,
1238,6,-1,306528,8,613056,6,3,fifth (3:2),διὰ πέντε,,,
1239,4,1,307025,5,614050,0,0,—,—,,,
1240,0,0,307520,0,615040,0,0,—,—,,,
1241,4,1,308017,7,616034,4,2,octave (2:1),διὰ πασῶν,,,
1242,6,-1,308512,2,617024,4,2,octave (2:1),διὰ πασῶν,,,
1243,6,-1,309009,9,618018,8,4,fourth (4:3),διὰ τεσσάρων,,,
1244,4,1,309508,8,619016,6,3,fifth (3:2),διὰ πέντε,,,
1245,0,0,310005,5,620010,0,0,—,—,,,
1246,4,1,310504,4,621008,8,4,fourth (4:3),διὰ τεσσάρων,,,
1247,6,-1,311001,1,622002,2,1,unison (1:1),ὁμώνυμον,,,
1248,6,-1,311500,0,623000,0,0,—,—,,,
1249,4,1,312001,1,624002,2,1,unison (1:1),ὁμώνυμον,,,
1250,0,0,312500,0,625000,0,0,—,—,,,
1251,4,1,313001,1,626002,2,1,unison (1:1),ὁμώνυμον,,,
1252,6,-1,313500,0,627000,0,0,—,—,,,
1253,6,-1,314001,1,628002,2,1,unison (1:1),ὁμώνυμον,,,
1254,4,1,314504,4,629008,8,4,fourth (4:3),διὰ τεσσάρων,,,
1255,0,0,315005,5,630010,0,0,—,—,,,
1256,4,1,315508,8,631016,6,3,fifth (3:2),διὰ πέντε,,,
1257,6,-1,316009,9,632018,8,4,fourth (4:3),διὰ τεσσάρων,,,
1258,6,-1,316512,2,633024,4,2,octave (2:1),διὰ πασῶν,,,
1259,4,1,317017,7,634034,4,2,octave (2:1),διὰ πασῶν,,,
1260,0,0,317520,0,635040,0,0,—,—,,,
1261,4,1,318025,5,636050,0,0,—,—,,,
1262,6,-1,318528,8,637056,6,3,fifth (3:2),διὰ πέντε,,,
1263,6,-1,319033,3,638066,6,3,fifth (3:2),διὰ πέντε,,,
1264,4,1,319540,0,639080,0,0,—,—,,,
1265,0,0,320045,5,640090,0,0,—,—,,,
1266,4,1,320552,2,641104,4,2,octave (2:1),διὰ πασῶν,,,
1267,6,-1,321057,7,642114,4,2,octave (2:1),διὰ πασῶν,,,
1268,6,-1,321564,4,643128,8,4,fourth (4:3),διὰ τεσσάρων,,,
1269,4,1,322073,3,644146,6,3,fifth (3:2),διὰ πέντε,,,
1270,0,0,322580,0,645160,0,0,—,—,,,
1271,4,1,323089,9,646178,8,4,fourth (4:3),διὰ τεσσάρων,,,
1272,6,-1,323596,6,647192,2,1,unison (1:1),ὁμώνυμον,,,
1273,6,-1,324105,5,648210,0,0,—,—,,,
1274,4,1,324616,6,649232,2,1,unison (1:1),ὁμώνυμον,,,
1275,0,0,325125,5,650250,0,0,—,—,,,
1276,4,1,325636,6,651272,2,1,unison (1:1),ὁμώνυμον,,,
1277,6,-1,326145,5,652290,0,0,—,—,,,
1278,6,-1,326656,6,653312,2,1,unison (1:1),ὁμώνυμον,,,
1279,4,1,327169,9,654338,8,4,fourth (4:3),διὰ τεσσάρων,,,
1280,0,0,327680,0,655360,0,0,—,—,,,
1281,4,1,328193,3,656386,6,3,fifth (3:2),διὰ πέντε,,,
1282,6,-1,328704,4,657408,8,4,fourth (4:3),διὰ τεσσάρων,,,
1283,6,-1,329217,7,658434,4,2,octave (2:1),διὰ πασῶν,,,
1284,4,1,329732,2,659464,4,2,octave (2:1),διὰ πασῶν,,,
1285,0,0,330245,5,660490,0,0,—,—,,,
1286,4,1,330760,0,661520,0,0,—,—,,,
1287,6,-1,331273,3,662546,6,3,fifth (3:2),διὰ πέντε,,,
1288,6,-1,331788,8,663576,6,3,fifth (3:2),διὰ πέντε,,,
1289,4,1,332305,5,664610,0,0,—,—,,,
1290,0,0,332820,0,665640,0,0,—,—,,,
1291,4,1,333337,7,666674,4,2,octave (2:1),διὰ πασῶν,,,
1292,6,-1,333852,2,667704,4,2,octave (2:1),διὰ πασῶν,,,
1293,6,-1,334369,9,668738,8,4,fourth (4:3),διὰ τεσσάρων,,,
1294,4,1,334888,8,669776,6,3,fifth (3:2),διὰ πέντε,,,
1295,0,0,335405,5,670810,0,0,—,—,,,
1296,4,1,335924,4,671848,8,4,fourth (4:3),διὰ τεσσάρων,,,
1297,6,-1,336441,1,672882,2,1,unison (1:1),ὁμώνυμον,,,
1298,6,-1,336960,0,673920,0,0,—,—,,,
1299,4,1,337481,1,674962,2,1,unison (1:1),ὁμώνυμον,,,
1300,0,0,338000,0,676000,0,0,—,—,,,
1301,4,1,338521,1,677042,2,1,unison (1:1),ὁμώνυμον,,,
1302,6,-1,339040,0,678080,0,0,—,—,,,
1303,6,-1,339561,1,679122,2,1,unison (1:1),ὁμώνυμον,,,
1304,4,1,340084,4,680168,8,4,fourth (4:3),διὰ τεσσάρων,,,
1305,0,0,340605,5,681210,0,0,—,—,,,
1306,4,1,341128,8,682256,6,3,fifth (3:2),διὰ πέντε,,,
1307,6,-1,341649,9,683298,8,4,fourth (4:3),διὰ τεσσάρων,,,
1308,6,-1,342172,2,684344,4,2,octave (2:1),διὰ πασῶν,,,
1309,4,1,342697,7,685394,4,2,octave (2:1),διὰ πασῶν,,,
1310,0,0,343220,0,686440,0,0,—,—,,,
1311,4,1,343745,5,687490,0,0,—,—,,,
1312,6,-1,344268,8,688536,6,3,fifth (3:2),διὰ πέντε,,,
1313,6,-1,344793,3,689586,6,3,fifth (3:2),διὰ πέντε,,,
1314,4,1,345320,0,690640,0,0,—,—,,,
1315,0,0,345845,5,691690,0,0,—,—,,,
1316,4,1,346372,2,692744,4,2,octave (2:1),διὰ πασῶν,,,
1317,6,-1,346897,7,693794,4,2,octave (2:1),διὰ πασῶν,,,
1318,6,-1,347424,4,694848,8,4,fourth (4:3),διὰ τεσσάρων,,,
1319,4,1,347953,3,695906,6,3,fifth (3:2),διὰ πέντε,,,
1320,0,0,348480,0,696960,0,0,—,—,,,
1321,4,1,349009,9,698018,8,4,fourth (4:3),διὰ τεσσάρων,,,
1322,6,-1,349536,6,699072,2,1,unison (1:1),ὁμώνυμον,,,
1323,6,-1,350065,5,700130,0,0,—,—,,,
1324,4,1,350596,6,701192,2,1,unison (1:1),ὁμώνυμον,,,
1325,0,0,351125,5,702250,0,0,—,—,,,
1326,4,1,351656,6,703312,2,1,unison (1:1),ὁμώνυμον,,,
1327,6,-1,352185,5,704370,0,0,—,—,,,
1328,6,-1,352716,6,705432,2,1,unison (1:1),ὁμώνυμον,,,
1329,4,1,353249,9,706498,8,4,fourth (4:3),διὰ τεσσάρων,,,
1330,0,0,353780,0,707560,0,0,—,—,,,
1331,4,1,354313,3,708626,6,3,fifth (3:2),διὰ πέντε,,,
1332,6,-1,354844,4,709688,8,4,fourth (4:3),διὰ τεσσάρων,,,
1333,6,-1,355377,7,710754,4,2,octave (2:1),διὰ πασῶν,,,
1334,4,1,355912,2,711824,4,2,octave (2:1),διὰ πασῶν,,,
1335,0,0,356445,5,712890,0,0,—,—,,,
1336,4,1,356980,0,713960,0,0,—,—,,,
1337,6,-1,357513,3,715026,6,3,fifth (3:2),διὰ πέντε,,,
1338,6,-1,358048,8,716096,6,3,fifth (3:2),διὰ πέντε,,,
1339,4,1,358585,5,717170,0,0,—,—,,,
1340,0,0,359120,0,718240,0,0,—,—,,,
1341,4,1,359657,7,719314,4,2,octave (2:1),διὰ πασῶν,,,
1342,6,-1,360192,2,720384,4,2,octave (2:1),διὰ πασῶν,,,
1343,6,-1,360729,9,721458,8,4,fourth (4:3),διὰ τεσσάρων,,,
1344,4,1,361268,8,722536,6,3,fifth (3:2),διὰ πέντε,,,
1345,0,0,361805,5,723610,0,0,—,—,,,
1346,4,1,362344,4,724688,8,4,fourth (4:3),διὰ τεσσάρων,,,
1347,6,-1,362881,1,725762,2,1,unison (1:1),ὁμώνυμον,,,
1348,6,-1,363420,0,726840,0,0,—,—,,,
1349,4,1,363961,1,727922,2,1,unison (1:1),ὁμώνυμον,,,
1350,0,0,364500,0,729000,0,0,—,—,,,
1351,4,1,365041,1,730082,2,1,unison (1:1),ὁμώνυμον,,,
1352,6,-1,365580,0,731160,0,0,—,—,,,
1353,6,-1,366121,1,732242,2,1,unison (1:1),ὁμώνυμον,,,
1354,4,1,366664,4,733328,8,4,fourth (4:3),διὰ τεσσάρων,,,
1355,0,0,367205,5,734410,0,0,—,—,,,
1356,4,1,367748,8,735496,6,3,fifth (3:2),διὰ πέντε,,,
1357,6,-1,368289,9,736578,8,4,fourth (4:3),διὰ τεσσάρων,,,
1358,6,-1,368832,2,737664,4,2,octave (2:1),διὰ πασῶν,,,
1359,4,1,369377,7,738754,4,2,octave (2:1),διὰ πασῶν,,,
1360,0,0,369920,0,739840,0,0,—,—,,,
1361,4,1,370465,5,740930,0,0,—,—,,,
1362,6,-1,371008,8,742016,6,3,fifth (3:2),διὰ πέντε,,,
1363,6,-1,371553,3,743106,6,3,fifth (3:2),διὰ πέντε,,,
1364,4,1,372100,0,744200,0,0,—,—,,,
1365,0,0,372645,5,745290,0,0,—,—,,,
1366,4,1,373192,2,746384,4,2,octave (2:1),διὰ πασῶν,,,
1367,6,-1,373737,7,747474,4,2,octave (2:1),διὰ πασῶν,,,
1368,6,-1,374284,4,748568,8,4,fourth (4:3),διὰ τεσσάρων,,,
1369,4,1,374833,3,749666,6,3,fifth (3:2),διὰ πέντε,,,
1370,0,0,375380,0,750760,0,0,—,—,,,
1371,4,1,375929,9,751858,8,4,fourth (4:3),διὰ τεσσάρων,,,
1372,6,-1,376476,6,752952,2,1,unison (1:1),ὁμώνυμον,,,
1373,6,-1,377025,5,754050,0,0,—,—,,,
1374,4,1,377576,6,755152,2,1,unison (1:1),ὁμώνυμον,,,
1375,0,0,378125,5,756250,0,0,—,—,,,
1376,4,1,378676,6,757352,2,1,unison (1:1),ὁμώνυμον,,,
1377,6,-1,379225,5,758450,0,0,—,—,,,
1378,6,-1,379776,6,759552,2,1,unison (1:1),ὁμώνυμον,,,
1379,4,1,380329,9,760658,8,4,fourth (4:3),διὰ τεσσάρων,,,
1380,0,0,380880,0,761760,0,0,—,—,,,
1381,4,1,381433,3,762866,6,3,fifth (3:2),διὰ πέντε,,,
1382,6,-1,381984,4,763968,8,4,fourth (4:3),διὰ τεσσάρων,,,
1383,6,-1,382537,7,765074,4,2,octave (2:1),διὰ πασῶν,,,
1384,4,1,383092,2,766184,4,2,octave (2:1),διὰ πασῶν,,,
1385,0,0,383645,5,767290,0,0,—,—,,,
1386,4,1,384200,0,768400,0,0,—,—,,,
1387,6,-1,384753,3,769506,6,3,fifth (3:2),διὰ πέντε,,,
1388,6,-1,385308,8,770616,6,3,fifth (3:2),διὰ πέντε,,,
1389,4,1,385865,5,771730,0,0,—,—,,,
1390,0,0,386420,0,772840,0,0,—,—,,,
1391,4,1,386977,7,773954,4,2,octave (2:1),διὰ πασῶν,,,
1392,6,-1,387532,2,775064,4,2,octave (2:1),διὰ πασῶν,,,
1393,6,-1,388089,9,776178,8,4,fourth (4:3),διὰ τεσσάρων,,,
1394,4,1,388648,8,777296,6,3,fifth (3:2),διὰ πέντε,,,
1395,0,0,389205,5,778410,0,0,—,—,,,
1396,4,1,389764,4,779528,8,4,fourth (4:3),διὰ τεσσάρων,,,
1397,6,-1,390321,1,780642,2,1,unison (1:1),ὁμώνυμον,,,
1398,6,-1,390880,0,781760,0,0,—,—,,,
1399,4,1,391441,1,782882,2,1,unison (1:1),ὁμώνυμον,,,
1400,0,0,392000,0,784000,0,0,—,—,,,
1401,4,1,392561,1,785122,2,1,unison (1:1),ὁμώνυμον,,,
1402,6,-1,393120,0,786240,0,0,—,—,,,
1403,6,-1,393681,1,787362,2,1,unison (1:1),ὁμώνυμον,,,
1404,4,1,394244,4,788488,8,4,fourth (4:3),διὰ τεσσάρων,,,
1405,0,0,394805,5,789610,0,0,—,—,,,
1406,4,1,395368,8,790736,6,3,fifth (3:2),διὰ πέντε,,,
1407,6,-1,395929,9,791858,8,4,fourth (4:3),διὰ τεσσάρων,,,
1408,6,-1,396492,2,792984,4,2,octave (2:1),διὰ πασῶν,,,
1409,4,1,397057,7,794114,4,2,octave (2:1),διὰ πασῶν,,,
1410,0,0,397620,0,795240,0,0,—,—,,,
1411,4,1,398185,5,796370,0,0,—,—,,,
1412,6,-1,398748,8,797496,6,3,fifth (3:2),διὰ πέντε,,,
1413,6,-1,399313,3,798626,6,3,fifth (3:2),διὰ πέντε,,,
1414,4,1,399880,0,799760,0,0,—,—,,,
1415,0,0,400445,5,800890,0,0,—,—,,,
1416,4,1,401012,2,802024,4,2,octave (2:1),διὰ πασῶν,,,
1417,6,-1,401577,7,803154,4,2,octave (2:1),διὰ πασῶν,,,
1418,6,-1,402144,4,804288,8,4,fourth (4:3),διὰ τεσσάρων,,,
1419,4,1,402713,3,805426,6,3,fifth (3:2),διὰ πέντε,,,
1420,0,0,403280,0,806560,0,0,—,—,,,
1421,4,1,403849,9,807698,8,4,fourth (4:3),διὰ τεσσάρων,,,
1422,6,-1,404416,6,808832,2,1,unison (1:1),ὁμώνυμον,,,
1423,6,-1,404985,5,809970,0,0,—,—,,,
1424,4,1,405556,6,811112,2,1,unison (1:1),ὁμώνυμον,,,
1425,0,0,406125,5,812250,0,0,—,—,,,
1426,4,1,406696,6,813392,2,1,unison (1:1),ὁμώνυμον,,,
1427,6,-1,407265,5,814530,0,0,—,—,,,
1428,6,-1,407836,6,815672,2,1,unison (1:1),ὁμώνυμον,,,
1429,4,1,408409,9,816818,8,4,fourth (4:3),διὰ τεσσάρων,,,
1430,0,0,408980,0,817960,0,0,—,—,,,
1431,4,1,409553,3,819106,6,3,fifth (3:2),διὰ πέντε,,,
1432,6,-1,410124,4,820248,8,4,fourth (4:3),διὰ τεσσάρων,,,
1433,6,-1,410697,7,821394,4,2,octave (2:1),διὰ πασῶν,,,
1434,4,1,411272,2,822544,4,2,octave (2:1),διὰ πασῶν,,,
1435,0,0,411845,5,823690,0,0,—,—,,,
1436,4,1,412420,0,824840,0,0,—,—,,,
1437,6,-1,412993,3,825986,6,3,fifth (3:2),διὰ πέντε,,,
1438,6,-1,413568,8,827136,6,3,fifth (3:2),διὰ πέντε,,,
1439,4,1,414145,5,828290,0,0,—,—,,,
1440,0,0,414720,0,829440,0,0,—,—,,,
1441,4,1,415297,7,830594,4,2,octave (2:1),διὰ πασῶν,,,
1442,6,-1,415872,2,831744,4,2,octave (2:1),διὰ πασῶν,,,
1443,6,-1,416449,9,832898,8,4,fourth (4:3),διὰ τεσσάρων,,,
1444,4,1,417028,8,834056,6,3,fifth (3:2),διὰ πέντε,,,
1445,0,0,417605,5,835210,0,0,—,—,,,
1446,4,1,418184,4,836368,8,4,fourth (4:3),διὰ τεσσάρων,,,
1447,6,-1,418761,1,837522,2,1,unison (1:1),ὁμώνυμον,,,
1448,6,-1,419340,0,838680,0,0,—,—,,,
1449,4,1,419921,1,839842,2,1,unison (1:1),ὁμώνυμον,,,
1450,0,0,420500,0,841000,0,0,—,—,,,
1451,4,1,421081,1,842162,2,1,unison (1:1),ὁμώνυμον,,,
1452,6,-1,421660,0,843320,0,0,—,—,,,
1453,6,-1,422241,1,844482,2,1,unison (1:1),ὁμώνυμον,,,
1454,4,1,422824,4,845648,8,4,fourth (4:3),διὰ τεσσάρων,,,
1455,0,0,423405,5,846810,0,0,—,—,,,
1456,4,1,423988,8,847976,6,3,fifth (3:2),διὰ πέντε,,,
1457,6,-1,424569,9,849138,8,4,fourth (4:3),διὰ τεσσάρων,,,
1458,6,-1,425152,2,850304,4,2,octave (2:1),διὰ πασῶν,,,
1459,4,1,425737,7,851474,4,2,octave (2:1),διὰ πασῶν,,,
1460,0,0,426320,0,852640,0,0,—,—,,,
1461,4,1,426905,5,853810,0,0,—,—,,,
1462,6,-1,427488,8,854976,6,3,fifth (3:2),διὰ πέντε,,,
1463,6,-1,428073,3,856146,6,3,fifth (3:2),διὰ πέντε,,,
1464,4,1,428660,0,857320,0,0,—,—,,,
1465,0,0,429245,5,858490,0,0,—,—,,,
1466,4,1,429832,2,859664,4,2,octave (2:1),διὰ πασῶν,,,
1467,6,-1,430417,7,860834,4,2,octave (2:1),διὰ πασῶν,,,
1468,6,-1,431004,4,862008,8,4,fourth (4:3),διὰ τεσσάρων,,,
1469,4,1,431593,3,863186,6,3,fifth (3:2),διὰ πέντε,,,
1470,0,0,432180,0,864360,0,0,—,—,,,
1471,4,1,432769,9,865538,8,4,fourth (4:3),διὰ τεσσάρων,,,
1472,6,-1,433356,6,866712,2,1,unison (1:1),ὁμώνυμον,,,
1473,6,-1,433945,5,867890,0,0,—,—,,,
1474,4,1,434536,6,869072,2,1,unison (1:1),ὁμώνυμον,,,
1475,0,0,435125,5,870250,0,0,—,—,,,
1476,4,1,435716,6,871432,2,1,unison (1:1),ὁμώνυμον,,,
1477,6,-1,436305,5,872610,0,0,—,—,,,
1478,6,-1,436896,6,873792,2,1,unison (1:1),ὁμώνυμον,,,
1479,4,1,437489,9,874978,8,4,fourth (4:3),διὰ τεσσάρων,,,
1480,0,0,438080,0,876160,0,0,—,—,,,
1481,4,1,438673,3,877346,6,3,fifth (3:2),διὰ πέντε,,,
1482,6,-1,439264,4,878528,8,4,fourth (4:3),διὰ τεσσάρων,,,
1483,6,-1,439857,7,879714,4,2,octave (2:1),διὰ πασῶν,,,
1484,4,1,440452,2,880904,4,2,octave (2:1),διὰ πασῶν,,,
1485,0,0,441045,5,882090,0,0,—,—,,,
1486,4,1,441640,0,883280,0,0,—,—,,,
1487,6,-1,442233,3,884466,6,3,fifth (3:2),διὰ πέντε,,,
1488,6,-1,442828,8,885656,6,3,fifth (3:2),διὰ πέντε,,,
1489,4,1,443425,5,886850,0,0,—,—,,,
1490,0,0,444020,0,888040,0,0,—,—,,,
1491,4,1,444617,7,889234,4,2,octave (2:1),διὰ πασῶν,,,
1492,6,-1,445212,2,890424,4,2,octave (2:1),διὰ πασῶν,,,
1493,6,-1,445809,9,891618,8,4,fourth (4:3),διὰ τεσσάρων,,,
1494,4,1,446408,8,892816,6,3,fifth (3:2),διὰ πέντε,,,
1495,0,0,447005,5,894010,0,0,—,—,,,
1496,4,1,447604,4,895208,8,4,fourth (4:3),διὰ τεσσάρων,,,
1497,6,-1,448201,1,896402,2,1,unison (1:1),ὁμώνυμον,,,
1498,6,-1,448800,0,897600,0,0,—,—,,,
1499,4,1,449401,1,898802,2,1,unison (1:1),ὁμώνυμον,,,
1500,0,0,450000,0,900000,0,0,—,—,,,
1501,4,1,450601,1,901202,2,1,unison (1:1),ὁμώνυμον,,,
1502,6,-1,451200,0,902400,0,0,—,—,,,
1503,6,-1,451801,1,903602,2,1,unison (1:1),ὁμώνυμον,,,
1504,4,1,452404,4,904808,8,4,fourth (4:3),διὰ τεσσάρων,,,
1505,0,0,453005,5,906010,0,0,—,—,,,
1506,4,1,453608,8,907216,6,3,fifth (3:2),διὰ πέντε,,,
1507,6,-1,454209,9,908418,8,4,fourth (4:3),διὰ τεσσάρων,,,
1508,6,-1,454812,2,909624,4,2,octave (2:1),διὰ πασῶν,,,
1509,4,1,455417,7,910834,4,2,octave (2:1),διὰ πασῶν,,,
1510,0,0,456020,0,912040,0,0,—,—,,,
1511,4,1,456625,5,913250,0,0,—,—,,,
1512,6,-1,457228,8,914456,6,3,fifth (3:2),διὰ πέντε,,,
1513,6,-1,457833,3,915666,6,3,fifth (3:2),διὰ πέντε,,,
1514,4,1,458440,0,916880,0,0,—,—,,,
1515,0,0,459045,5,918090,0,0,—,—,,,
1516,4,1,459652,2,919304,4,2,octave (2:1),διὰ πασῶν,,,
1517,6,-1,460257,7,920514,4,2,octave (2:1),διὰ πασῶν,,,
1518,6,-1,460864,4,921728,8,4,fourth (4:3),διὰ τεσσάρων,,,
1519,4,1,461473,3,922946,6,3,fifth (3:2),διὰ πέντε,,,
1520,0,0,462080,0,924160,0,0,—,—,,,
1521,4,1,462689,9,925378,8,4,fourth (4:3),διὰ τεσσάρων,,,
1522,6,-1,463296,6,926592,2,1,unison (1:1),ὁμώνυμον,,,
1523,6,-1,463905,5,927810,0,0,—,—,,,
1524,4,1,464516,6,929032,2,1,unison (1:1),ὁμώνυμον,,,
1525,0,0,465125,5,930250,0,0,—,—,,,
1526,4,1,465736,6,931472,2,1,unison (1:1),ὁμώνυμον,,,
1527,6,-1,466345,5,932690,0,0,—,—,,,
1528,6,-1,466956,6,933912,2,1,unison (1:1),ὁμώνυμον,,,
1529,4,1,467569,9,935138,8,4,fourth (4:3),διὰ τεσσάρων,,,
1530,0,0,468180,0,936360,0,0,—,—,,,
1531,4,1,468793,3,937586,6,3,fifth (3:2),διὰ πέντε,,,
1532,6,-1,469404,4,938808,8,4,fourth (4:3),διὰ τεσσάρων,,,
1533,6,-1,470017,7,940034,4,2,octave (2:1),διὰ πασῶν,,,
1534,4,1,470632,2,941264,4,2,octave (2:1),διὰ πασῶν,,,
1535,0,0,471245,5,942490,0,0,—,—,,,
1536,4,1,471860,0,943720,0,0,—,—,,,
1537,6,-1,472473,3,944946,6,3,fifth (3:2),διὰ πέντε,,,
1538,6,-1,473088,8,946176,6,3,fifth (3:2),διὰ πέντε,,,
1539,4,1,473705,5,947410,0,0,—,—,,,
1540,0,0,474320,0,948640,0,0,—,—,,,
1541,4,1,474937,7,949874,4,2,octave (2:1),διὰ πασῶν,,,
1542,6,-1,475552,2,951104,4,2,octave (2:1),διὰ πασῶν,,,
1543,6,-1,476169,9,952338,8,4,fourth (4:3),διὰ τεσσάρων,,,
1544,4,1,476788,8,953576,6,3,fifth (3:2),διὰ πέντε,,,
1545,0,0,477405,5,954810,0,0,—,—,,,
1546,4,1,478024,4,956048,8,4,fourth (4:3),διὰ τεσσάρων,,,
1547,6,-1,478641,1,957282,2,1,unison (1:1),ὁμώνυμον,,,
1548,6,-1,479260,0,958520,0,0,—,—,,,
1549,4,1,479881,1,959762,2,1,unison (1:1),ὁμώνυμον,,,
1550,0,0,480500,0,961000,0,0,—,—,,,
1551,4,1,481121,1,962242,2,1,unison (1:1),ὁμώνυμον,,,
1552,6,-1,481740,0,963480,0,0,—,—,,,
1553,6,-1,482361,1,964722,2,1,unison (1:1),ὁμώνυμον,,,
1554,4,1,482984,4,965968,8,4,fourth (4:3),διὰ τεσσάρων,,,
1555,0,0,483605,5,967210,0,0,—,—,,,
1556,4,1,484228,8,968456,6,3,fifth (3:2),διὰ πέντε,,,
1557,6,-1,484849,9,969698,8,4,fourth (4:3),διὰ τεσσάρων,,,
1558,6,-1,485472,2,970944,4,2,octave (2:1),διὰ πασῶν,,,
1559,4,1,486097,7,972194,4,2,octave (2:1),διὰ πασῶν,,,
1560,0,0,486720,0,973440,0,0,—,—,,,
1561,4,1,487345,5,974690,0,0,—,—,,,
1562,6,-1,487968,8,975936,6,3,fifth (3:2),διὰ πέντε,,,
1563,6,-1,488593,3,977186,6,3,fifth (3:2),διὰ πέντε,,,
1564,4,1,489220,0,978440,0,0,—,—,,,
1565,0,0,489845,5,979690,0,0,—,—,,,
1566,4,1,490472,2,980944,4,2,octave (2:1),διὰ πασῶν,,,
1567,6,-1,491097,7,982194,4,2,octave (2:1),διὰ πασῶν,,,
1568,6,-1,491724,4,983448,8,4,fourth (4:3),διὰ τεσσάρων,,,
1569,4,1,492353,3,984706,6,3,fifth (3:2),διὰ πέντε,,,
1570,0,0,492980,0,985960,0,0,—,—,,,
1571,4,1,493609,9,987218,8,4,fourth (4:3),διὰ τεσσάρων,,,
1572,6,-1,494236,6,988472,2,1,unison (1:1),ὁμώνυμον,,,
1573,6,-1,494865,5,989730,0,0,—,—,,,
1574,4,1,495496,6,990992,2,1,unison (1:1),ὁμώνυμον,,,
1575,0,0,496125,5,992250,0,0,—,—,,,
1576,4,1,496756,6,993512,2,1,unison (1:1),ὁμώνυμον,,,
1577,6,-1,497385,5,994770,0,0,—,—,,,
1578,6,-1,498016,6,996032,2,1,unison (1:1),ὁμώνυμον,,,
1579,4,1,498649,9,997298,8,4,fourth (4:3),διὰ τεσσάρων,,,
1580,0,0,499280,0,998560,0,0,—,—,,,
1581,4,1,499913,3,999826,6,3,fifth (3:2),διὰ πέντε,,,
1582,6,-1,500544,4,1001088,8,4,fourth (4:3),διὰ τεσσάρων,,,
1583,6,-1,501177,7,1002354,4,2,octave (2:1),διὰ πασῶν,,,
1584,4,1,501812,2,1003624,4,2,octave (2:1),διὰ πασῶν,,,
1585,0,0,502445,5,1004890,0,0,—,—,,,
1586,4,1,503080,0,1006160,0,0,—,—,,,
1587,6,-1,503713,3,1007426,6,3,fifth (3:2),διὰ πέντε,,,
1588,6,-1,504348,8,1008696,6,3,fifth (3:2),διὰ πέντε,,,
1589,4,1,504985,5,1009970,0,0,—,—,,,
1590,0,0,505620,0,1011240,0,0,—,—,,,
1591,4,1,506257,7,1012514,4,2,octave (2:1),διὰ πασῶν,,,
1592,6,-1,506892,2,1013784,4,2,octave (2:1),διὰ πασῶν,,,
1593,6,-1,507529,9,1015058,8,4,fourth (4:3),διὰ τεσσάρων,,,
1594,4,1,508168,8,1016336,6,3,fifth (3:2),διὰ πέντε,,,
1595,0,0,508805,5,1017610,0,0,—,—,,,
1596,4,1,509444,4,1018888,8,4,fourth (4:3),διὰ τεσσάρων,,,
1597,6,-1,510081,1,1020162,2,1,unison (1:1),ὁμώνυμον,,,
1598,6,-1,510720,0,1021440,0,0,—,—,,,
1599,4,1,511361,1,1022722,2,1,unison (1:1),ὁμώνυμον,,,
1600,0,0,512000,0,1024000,0,0,—,—,,,
1601,4,1,512641,1,1025282,2,1,unison (1:1),ὁμώνυμον,,,
1602,6,-1,513280,0,1026560,0,0,—,—,,,
1603,6,-1,513921,1,1027842,2,1,unison (1:1),ὁμώνυμον,,,
1604,4,1,514564,4,1029128,8,4,fourth (4:3),διὰ τεσσάρων,,,
1605,0,0,515205,5,1030410,0,0,—,—,,,
1606,4,1,515848,8,1031696,6,3,fifth (3:2),διὰ πέντε,,,
1607,6,-1,516489,9,1032978,8,4,fourth (4:3),διὰ τεσσάρων,,,
1608,6,-1,517132,2,1034264,4,2,octave (2:1),διὰ πασῶν,,,
1609,4,1,517777,7,1035554,4,2,octave (2:1),διὰ πασῶν,,,
1610,0,0,518420,0,1036840,0,0,—,—,,,
1611,4,1,519065,5,1038130,0,0,—,—,,,
1612,6,-1,519708,8,1039416,6,3,fifth (3:2),διὰ πέντε,,,
1613,6,-1,520353,3,1040706,6,3,fifth (3:2),διὰ πέντε,,,
1614,4,1,521000,0,1042000,0,0,—,—,,,
1615,0,0,521645,5,1043290,0,0,—,—,,,
1616,4,1,522292,2,1044584,4,2,octave (2:1),διὰ πασῶν,,,
1617,6,-1,522937,7,1045874,4,2,octave (2:1),διὰ πασῶν,,,
1618,6,-1,523584,4,1047168,8,4,fourth (4:3),διὰ τεσσάρων,,,
1619,4,1,524233,3,1048466,6,3,fifth (3:2),διὰ πέντε,,,
1620,0,0,524880,0,1049760,0,0,—,—,,,
1621,4,1,525529,9,1051058,8,4,fourth (4:3),διὰ τεσσάρων,,,
1622,6,-1,526176,6,1052352,2,1,unison (1:1),ὁμώνυμον,,,
1623,6,-1,526825,5,1053650,0,0,—,—,,,
1624,4,1,527476,6,1054952,2,1,unison (1:1),ὁμώνυμον,,,
1625,0,0,528125,5,1056250,0,0,—,—,,,
1626,4,1,528776,6,1057552,2,1,unison (1:1),ὁμώνυμον,,,
1627,6,-1,529425,5,1058850,0,0,—,—,,,
1628,6,-1,530076,6,1060152,2,1,unison (1:1),ὁμώνυμον,,,
1629,4,1,530729,9,1061458,8,4,fourth (4:3),διὰ τεσσάρων,,,
1630,0,0,531380,0,1062760,0,0,—,—,,,
1631,4,1,532033,3,1064066,6,3,fifth (3:2),διὰ πέντε,,,
1632,6,-1,532684,4,1065368,8,4,fourth (4:3),διὰ τεσσάρων,,,
1633,6,-1,533337,7,1066674,4,2,octave (2:1),διὰ πασῶν,,,
1634,4,1,533992,2,1067984,4,2,octave (2:1),διὰ πασῶν,,,
1635,0,0,534645,5,1069290,0,0,—,—,,,
1636,4,1,535300,0,1070600,0,0,—,—,,,
1637,6,-1,535953,3,1071906,6,3,fifth (3:2),διὰ πέντε,,,
1638,6,-1,536608,8,1073216,6,3,fifth (3:2),διὰ πέντε,,,
1639,4,1,537265,5,1074530,0,0,—,—,,,
1640,0,0,537920,0,1075840,0,0,—,—,,,
1641,4,1,538577,7,1077154,4,2,octave (2:1),διὰ πασῶν,,,
1642,6,-1,539232,2,1078464,4,2,octave (2:1),διὰ πασῶν,,,
1643,6,-1,539889,9,1079778,8,4,fourth (4:3),διὰ τεσσάρων,,,
1644,4,1,540548,8,1081096,6,3,fifth (3:2),διὰ πέντε,,,
1645,0,0,541205,5,1082410,0,0,—,—,,,
1646,4,1,541864,4,1083728,8,4,fourth (4:3),διὰ τεσσάρων,,,
1647,6,-1,542521,1,1085042,2,1,unison (1:1),ὁμώνυμον,,,
1648,6,-1,543180,0,1086360,0,0,—,—,,,
1649,4,1,543841,1,1087682,2,1,unison (1:1),ὁμώνυμον,,,
1650,0,0,544500,0,1089000,0,0,—,—,,,
1651,4,1,545161,1,1090322,2,1,unison (1:1),ὁμώνυμον,,,
1652,6,-1,545820,0,1091640,0,0,—,—,,,
1653,6,-1,546481,1,1092962,2,1,unison (1:1),ὁμώνυμον,,,
1654,4,1,547144,4,1094288,8,4,fourth (4:3),διὰ τεσσάρων,,,
1655,0,0,547805,5,1095610,0,0,—,—,,,
1656,4,1,548468,8,1096936,6,3,fifth (3:2),διὰ πέντε,,,
1657,6,-1,549129,9,1098258,8,4,fourth (4:3),διὰ τεσσάρων,,,
1658,6,-1,549792,2,1099584,4,2,octave (2:1),διὰ πασῶν,,,
1659,4,1,550457,7,1100914,4,2,octave (2:1),διὰ πασῶν,,,
1660,0,0,551120,0,1102240,0,0,—,—,,,
1661,4,1,551785,5,1103570,0,0,—,—,,,
1662,6,-1,552448,8,1104896,6,3,fifth (3:2),διὰ πέντε,,,
1663,6,-1,553113,3,1106226,6,3,fifth (3:2),διὰ πέντε,,,
1664,4,1,553780,0,1107560,0,0,—,—,,,
1665,0,0,554445,5,1108890,0,0,—,—,,,
1666,4,1,555112,2,1110224,4,2,octave (2:1),διὰ πασῶν,,,
1667,6,-1,555777,7,1111554,4,2,octave (2:1),διὰ πασῶν,,,
1668,6,-1,556444,4,1112888,8,4,fourth (4:3),διὰ τεσσάρων,,,
1669,4,1,557113,3,1114226,6,3,fifth (3:2),διὰ πέντε,,,
1670,0,0,557780,0,1115560,0,0,—,—,,,
1671,4,1,558449,9,1116898,8,4,fourth (4:3),διὰ τεσσάρων,,,
1672,6,-1,559116,6,1118232,2,1,unison (1:1),ὁμώνυμον,,,
1673,6,-1,559785,5,1119570,0,0,—,—,,,
1674,4,1,560456,6,1120912,2,1,unison (1:1),ὁμώνυμον,,,
1675,0,0,561125,5,1122250,0,0,—,—,,,
1676,4,1,561796,6,1123592,2,1,unison (1:1),ὁμώνυμον,,,
1677,6,-1,562465,5,1124930,0,0,—,—,,,
1678,6,-1,563136,6,1126272,2,1,unison (1:1),ὁμώνυμον,,,
1679,4,1,563809,9,1127618,8,4,fourth (4:3),διὰ τεσσάρων,,,
1680,0,0,564480,0,1128960,0,0,—,—,,,
1681,4,1,565153,3,1130306,6,3,fifth (3:2),διὰ πέντε,,,
1682,6,-1,565824,4,1131648,8,4,fourth (4:3),διὰ τεσσάρων,,,
1683,6,-1,566497,7,1132994,4,2,octave (2:1),διὰ πασῶν,,,
1684,4,1,567172,2,1134344,4,2,octave (2:1),διὰ πασῶν,,,
1685,0,0,567845,5,1135690,0,0,—,—,,,
1686,4,1,568520,0,1137040,0,0,—,—,,,
1687,6,-1,569193,3,1138386,6,3,fifth (3:2),διὰ πέντε,,,
1688,6,-1,569868,8,1139736,6,3,fifth (3:2),διὰ πέντε,,,
1689,4,1,570545,5,1141090,0,0,—,—,,,
1690,0,0,571220,0,1142440,0,0,—,—,,,
1691,4,1,571897,7,1143794,4,2,octave (2:1),διὰ πασῶν,,,
1692,6,-1,572572,2,1145144,4,2,octave (2:1),διὰ πασῶν,,,
1693,6,-1,573249,9,1146498,8,4,fourth (4:3),διὰ τεσσάρων,,,
1694,4,1,573928,8,1147856,6,3,fifth (3:2),διὰ πέντε,,,
1695,0,0,574605,5,1149210,0,0,—,—,,,
1696,4,1,575284,4,1150568,8,4,fourth (4:3),διὰ τεσσάρων,,,
1697,6,-1,575961,1,1151922,2,1,unison (1:1),ὁμώνυμον,,,
1698,6,-1,576640,0,1153280,0,0,—,—,,,
1699,4,1,577321,1,1154642,2,1,unison (1:1),ὁμώνυμον,,,
1700,0,0,578000,0,1156000,0,0,—,—,,,
1701,4,1,578681,1,1157362,2,1,unison (1:1),ὁμώνυμον,,,
1702,6,-1,579360,0,1158720,0,0,—,—,,,
1703,6,-1,580041,1,1160082,2,1,unison (1:1),ὁμώνυμον,,,
1704,4,1,580724,4,1161448,8,4,fourth (4:3),διὰ τεσσάρων,,,
1705,0,0,581405,5,1162810,0,0,—,—,,,
1706,4,1,582088,8,1164176,6,3,fifth (3:2),διὰ πέντε,,,
1707,6,-1,582769,9,1165538,8,4,fourth (4:3),διὰ τεσσάρων,,,
1708,6,-1,583452,2,1166904,4,2,octave (2:1),διὰ πασῶν,,,
1709,4,1,584137,7,1168274,4,2,octave (2:1),διὰ πασῶν,,,
1710,0,0,584820,0,1169640,0,0,—,—,,,
1711,4,1,585505,5,1171010,0,0,—,—,,,
1712,6,-1,586188,8,1172376,6,3,fifth (3:2),διὰ πέντε,,,
1713,6,-1,586873,3,1173746,6,3,fifth (3:2),διὰ πέντε,,,
1714,4,1,587560,0,1175120,0,0,—,—,,,
1715,0,0,588245,5,1176490,0,0,—,—,,,
1716,4,1,588932,2,1177864,4,2,octave (2:1),διὰ πασῶν,,,
1717,6,-1,589617,7,1179234,4,2,octave (2:1),διὰ πασῶν,,,
1718,6,-1,590304,4,1180608,8,4,fourth (4:3),διὰ τεσσάρων,,,
1719,4,1,590993,3,1181986,6,3,fifth (3:2),διὰ πέντε,,,
1720,0,0,591680,0,1183360,0,0,—,—,,,
1721,4,1,592369,9,1184738,8,4,fourth (4:3),διὰ τεσσάρων,,,
1722,6,-1,593056,6,1186112,2,1,unison (1:1),ὁμώνυμον,,,
1723,6,-1,593745,5,1187490,0,0,—,—,,,
1724,4,1,594436,6,1188872,2,1,unison (1:1),ὁμώνυμον,,,
1725,0,0,595125,5,1190250,0,0,—,—,,,
1726,4,1,595816,6,1191632,2,1,unison (1:1),ὁμώνυμον,,,
1727,6,-1,596505,5,1193010,0,0,—,—,,,
1728,6,-1,597196,6,1194392,2,1,unison (1:1),ὁμώνυμον,,,
1729,4,1,597889,9,1195778,8,4,fourth (4:3),διὰ τεσσάρων,,,
1730,0,0,598580,0,1197160,0,0,—,—,,,
1731,4,1,599273,3,1198546,6,3,fifth (3:2),διὰ πέντε,,,
1732,6,-1,599964,4,1199928,8,4,fourth (4:3),διὰ τεσσάρων,,,
1733,6,-1,600657,7,1201314,4,2,octave (2:1),διὰ πασῶν,,,
1734,4,1,601352,2,1202704,4,2,octave (2:1),διὰ πασῶν,,,
1735,0,0,602045,5,1204090,0,0,—,—,,,
1736,4,1,602740,0,1205480,0,0,—,—,,,
1737,6,-1,603433,3,1206866,6,3,fifth (3:2),διὰ πέντε,,,
1738,6,-1,604128,8,1208256,6,3,fifth (3:2),διὰ πέντε,,,
1739,4,1,604825,5,1209650,0,0,—,—,,,
1740,0,0,605520,0,1211040,0,0,—,—,,,
1741,4,1,606217,7,1212434,4,2,octave (2:1),διὰ πασῶν,,,
1742,6,-1,606912,2,1213824,4,2,octave (2:1),διὰ πασῶν,,,
1743,6,-1,607609,9,1215218,8,4,fourth (4:3),διὰ τεσσάρων,,,
1744,4,1,608308,8,1216616,6,3,fifth (3:2),διὰ πέντε,,,
1745,0,0,609005,5,1218010,0,0,—,—,,,
1746,4,1,609704,4,1219408,8,4,fourth (4:3),διὰ τεσσάρων,,,
1747,6,-1,610401,1,1220802,2,1,unison (1:1),ὁμώνυμον,,,
1748,6,-1,611100,0,1222200,0,0,—,—,,,
1749,4,1,611801,1,1223602,2,1,unison (1:1),ὁμώνυμον,,,
1750,0,0,612500,0,1225000,0,0,—,—,,,
1751,4,1,613201,1,1226402,2,1,unison (1:1),ὁμώνυμον,,,
1752,6,-1,613900,0,1227800,0,0,—,—,,,
1753,6,-1,614601,1,1229202,2,1,unison (1:1),ὁμώνυμον,,,
1754,4,1,615304,4,1230608,8,4,fourth (4:3),διὰ τεσσάρων,,,
1755,0,0,616005,5,1232010,0,0,—,—,,,
1756,4,1,616708,8,1233416,6,3,fifth (3:2),διὰ πέντε,,,
1757,6,-1,617409,9,1234818,8,4,fourth (4:3),διὰ τεσσάρων,,,
1758,6,-1,618112,2,1236224,4,2,octave (2:1),διὰ πασῶν,,,
1759,4,1,618817,7,1237634,4,2,octave (2:1),διὰ πασῶν,,,
1760,0,0,619520,0,1239040,0,0,—,—,,,
1761,4,1,620225,5,1240450,0,0,—,—,,,
1762,6,-1,620928,8,1241856,6,3,fifth (3:2),διὰ πέντε,,,
1763,6,-1,621633,3,1243266,6,3,fifth (3:2),διὰ πέντε,,,
1764,4,1,622340,0,1244680,0,0,—,—,,,
1765,0,0,623045,5,1246090,0,0,—,—,,,
1766,4,1,623752,2,1247504,4,2,octave (2:1),διὰ πασῶν,,,
1767,6,-1,624457,7,1248914,4,2,octave (2:1),διὰ πασῶν,,,
1768,6,-1,625164,4,1250328,8,4,fourth (4:3),διὰ τεσσάρων,,,
1769,4,1,625873,3,1251746,6,3,fifth (3:2),διὰ πέντε,,,
1770,0,0,626580,0,1253160,0,0,—,—,,,
1771,4,1,627289,9,1254578,8,4,fourth (4:3),διὰ τεσσάρων,,,