Position,Digit,Interval,Greek Name,English Name ,Structural Marker,Visual Mirror,Transitions
0,0,—,—,—,START,,
1,1,unison (1:1),ὁμώνυμον,homonymous,—,█,24
2,0,—,—,—,—,,23
3,1,unison (1:1),ὁμώνυμον,homonymous,—,█,22
4,4,fourth (4:3),διὰ τεσσάρων,through four,—,████,21
5,0,—,—,—,—,,20
6,3,fifth (3:2),διὰ πέντε,through five,—,███,19
7,4,fourth (4:3),διὰ τεσσάρων,through four,—,████,18
8,2,octave (2:1),διὰ πασῶν,through all,—,██,17
9,2,octave (2:1),διὰ πασῶν,through all,—,██,16
10,0,—,—,—,—,,15
11,0,—,—,—,—,,14
12,3,fifth (3:2),διὰ πέντε,through five,—,███,13
13,3,fifth (3:2),διὰ πέντε,through five,—,███,12
14,0,—,—,—,—,,11
15,0,—,—,—,—,,10
16,2,octave (2:1),διὰ πασῶν,through all,—,██,9
17,2,octave (2:1),διὰ πασῶν,through all,—,██,8
18,4,fourth (4:3),διὰ τεσσάρων,through four,—,████,7
19,3,fifth (3:2),διὰ πέντε,through five,—,███,6
20,0,—,—,—,—,,5
21,4,fourth (4:3),διὰ τεσσάρων,through four,—,████,4
22,1,unison (1:1),ὁμώνυμον,homonymous,—,█,3
23,0,—,—,—,—,,2
24,1,unison (1:1),ὁμώνυμον,homonymous,—,█,1
25,0,—,—,—,MIRROR AXIS,,
26,1,unison (1:1),ὁμώνυμον,homonymous,—,█,1
27,0,—,—,—,—,,2
28,1,unison (1:1),ὁμώνυμον,homonymous,—,█,3
29,4,fourth (4:3),διὰ τεσσάρων,through four,—,████,4
30,0,—,—,—,—,,5
31,3,fifth (3:2),διὰ πέντε,through five,—,███,6
32,4,fourth (4:3),διὰ τεσσάρων,through four,—,████,7
33,2,octave (2:1),διὰ πασῶν,through all,—,██,8
34,2,octave (2:1),διὰ πασῶν,through all,—,██,9
35,0,—,—,—,—,,10
36,0,—,—,—,—,,11
37,3,fifth (3:2),διὰ πέντε,through five,—,███,12
38,3,fifth (3:2),διὰ πέντε,through five,—,███,13
39,0,—,—,—,—,,14
40,0,—,—,—,—,,15
41,2,octave (2:1),διὰ πασῶν,through all,—,██,16
42,2,octave (2:1),διὰ πασῶν,through all,—,██,17
43,4,fourth (4:3),διὰ τεσσάρων,through four,—,████,18
44,3,fifth (3:2),διὰ πέντε,through five,—,███,19
45,0,—,—,—,—,,20
46,4,fourth (4:3),διὰ τεσσάρων,through four,—,████,21
47,1,unison (1:1),ὁμώνυμον,homonymous,—,█,22
48,0,—,—,—,—,,23
49,1,unison (1:1),ὁμώνυμον,homonymous,—,█,24
50,0,—,—,—,END,,
51,1,unison (1:1),ὁμώνυμον,homonymous,NEXT CYCLE,█,
52,0,—,—,—,—,,